region,zone,circle,division,week1_total_outages,week1_duration_mins,week1_outage_hrs_per_feeder_day,week1_supply_hrs_per_feeder_day,week2_total_outages,week2_duration_mins,week2_outage_hrs_per_feeder_day,week2_supply_hrs_per_feeder_day,week3_total_outages,week3_duration_mins,week3_outage_hrs_per_feeder_day,week3_supply_hrs_per_feeder_day,week4_total_outages,week4_duration_mins,week4_outage_hrs_per_feeder_day,week4_supply_hrs_per_feeder_day,week5_total_outages,week5_duration_mins,week5_outage_hrs_per_feeder_day,week5_supply_hrs_per_feeder_day,collected_at,fetch_month,week1_outage_hrs_per_feeder_day_decimal,week2_outage_hrs_per_feeder_day_decimal,week3_outage_hrs_per_feeder_day_decimal,week4_outage_hrs_per_feeder_day_decimal,week5_outage_hrs_per_feeder_day_decimal,week1_supply_hrs_per_feeder_day_decimal,week2_supply_hrs_per_feeder_day_decimal,week3_supply_hrs_per_feeder_day_decimal,week4_supply_hrs_per_feeder_day_decimal,week5_supply_hrs_per_feeder_day_decimal,processed_at
CH. SAMBHAJINAGAR REGION,CH. SAMBHAJINAGAR ZONE,CH. SAMBHAJINAGAR (U) CIRCLE,CH. SAMBHAJINAGAR(U) I DIVISION,104,4767,00:04,23:56,178,15859,00:15,23:45,93,9001,00:08,23:52,29,1810,00:02,23:58,5,570,00:02,23:58,2025-07-28 15:01:42.474044+00:00,2506,0.07,0.25,0.13,0.03,0.03,23.93,23.75,23.87,23.97,23.97,2025-07-28T15:01:42.747550+00:00
CH. SAMBHAJINAGAR REGION,CH. SAMBHAJINAGAR ZONE,CH. SAMBHAJINAGAR (U) CIRCLE,CH. SAMBHAJINAGAR(U)II.DIVISION,61,2901,00:05,23:55,102,15402,00:26,23:34,30,3756,00:06,23:54,24,2382,00:04,23:56,3,90,00:01,23:59,2025-07-28 15:01:42.474044+00:00,2506,0.08,0.43,0.1,0.07,0.02,23.92,23.57,23.9,23.93,23.98,2025-07-28T15:01:42.747550+00:00
CH. SAMBHAJINAGAR REGION,CH. SAMBHAJINAGAR ZONE,CH. SAMBHAJINAGAR CIRCLE,CH. SAMBHAJINAGAR(R) I DIVN.,431,29838,00:24,23:36,639,71560,00:57,23:03,241,27453,00:22,23:38,188,24687,00:20,23:40,36,3480,00:10,23:50,2025-07-28 15:01:42.474044+00:00,2506,0.4,0.95,0.37,0.33,0.17,23.6,23.05,23.63,23.67,23.83,2025-07-28T15:01:42.747550+00:00
CH. SAMBHAJINAGAR REGION,CH. SAMBHAJINAGAR ZONE,CH. SAMBHAJINAGAR CIRCLE,CH. SAMBHAJINAGAR(R) II DIVN.,265,15236,00:21,23:39,358,26197,00:36,23:24,200,16723,00:23,23:37,125,11792,00:16,23:44,29,2668,00:13,23:47,2025-07-28 15:01:42.474044+00:00,2506,0.35,0.6,0.38,0.27,0.22,23.65,23.4,23.62,23.73,23.78,2025-07-28T15:01:42.747550+00:00
CH. SAMBHAJINAGAR REGION,CH. SAMBHAJINAGAR ZONE,CH. SAMBHAJINAGAR CIRCLE,KANNAD DIVISION,514,20459,00:24,23:36,564,38720,00:45,23:15,228,21394,00:25,23:35,206,24906,00:29,23:31,51,6096,00:25,23:35,2025-07-28 15:01:42.474044+00:00,2506,0.4,0.75,0.42,0.48,0.42,23.6,23.25,23.58,23.52,23.58,2025-07-28T15:01:42.747550+00:00
CH. SAMBHAJINAGAR REGION,CH. SAMBHAJINAGAR ZONE,CH. SAMBHAJINAGAR CIRCLE,SILLOD DIVISION,208,8569,00:15,23:45,289,21811,00:38,23:22,142,16349,00:29,23:31,127,11735,00:21,23:39,35,4187,00:26,23:34,2025-07-28 15:01:42.474044+00:00,2506,0.25,0.63,0.48,0.35,0.43,23.75,23.37,23.52,23.65,23.57,2025-07-28T15:01:42.747550+00:00
CH. SAMBHAJINAGAR REGION,CH. SAMBHAJINAGAR ZONE,JALNA CIRCLE,JALNA DIVISION I,654,36954,00:21,23:39,851,94837,00:54,23:06,555,52899,00:30,23:30,476,52572,00:30,23:30,105,11610,00:23,23:37,2025-07-28 15:01:42.474044+00:00,2506,0.35,0.9,0.5,0.5,0.38,23.65,23.1,23.5,23.5,23.62,2025-07-28T15:01:42.747550+00:00
CH. SAMBHAJINAGAR REGION,CH. SAMBHAJINAGAR ZONE,JALNA CIRCLE,JALNA DIVISION II,673,33519,00:23,23:37,693,41314,00:28,23:32,376,40044,00:28,23:32,345,39285,00:27,23:33,100,10455,00:25,23:35,2025-07-28 15:01:42.474044+00:00,2506,0.38,0.47,0.47,0.45,0.42,23.62,23.53,23.53,23.55,23.58,2025-07-28T15:01:42.747550+00:00
CH. SAMBHAJINAGAR REGION,"LATUR ZONE, LATUR",BEED CIRCLE,AMBEJOGAI DIVISION,659,66032,00:44,23:16,713,76961,00:52,23:08,489,62235,00:42,23:18,423,59775,00:40,23:20,172,20820,00:49,23:11,2025-07-28 15:01:42.474044+00:00,2506,0.73,0.87,0.7,0.67,0.82,23.27,23.13,23.3,23.33,23.18,2025-07-28T15:01:42.747550+00:00
CH. SAMBHAJINAGAR REGION,"LATUR ZONE, LATUR",BEED CIRCLE,BEED DIVISION,799,51330,00:27,23:33,943,71422,00:38,23:22,657,64108,00:34,23:26,479,50780,00:27,23:33,181,16995,00:32,23:28,2025-07-28 15:01:42.474044+00:00,2506,0.45,0.63,0.57,0.45,0.53,23.55,23.37,23.43,23.55,23.47,2025-07-28T15:01:42.747550+00:00
CH. SAMBHAJINAGAR REGION,"LATUR ZONE, LATUR",DHARASHIV CIRCLE,DHARASHIV DIVISION,663,41794,00:33,23:27,597,44022,00:34,23:26,303,35166,00:27,23:33,256,23160,00:18,23:42,83,8085,00:22,23:38,2025-07-28 15:01:42.474044+00:00,2506,0.55,0.57,0.45,0.3,0.37,23.45,23.43,23.55,23.7,23.63,2025-07-28T15:01:42.747550+00:00
CH. SAMBHAJINAGAR REGION,"LATUR ZONE, LATUR",DHARASHIV CIRCLE,TULJAPUR DIVISION,330,25220,00:31,23:29,493,51015,01:03,22:57,286,38100,00:47,23:13,221,33355,00:41,23:19,76,9000,00:39,23:21,2025-07-28 15:01:42.474044+00:00,2506,0.52,1.05,0.78,0.68,0.65,23.48,22.95,23.22,23.32,23.35,2025-07-28T15:01:42.747550+00:00
CH. SAMBHAJINAGAR REGION,"LATUR ZONE, LATUR",LATUR CIRCLE,LATUR DIVISION,262,16740,00:13,23:47,349,41541,00:32,23:28,121,11706,00:09,23:51,89,7199,00:05,23:55,33,2641,00:07,23:53,2025-07-28 15:01:42.474044+00:00,2506,0.22,0.53,0.15,0.08,0.12,23.78,23.47,23.85,23.92,23.88,2025-07-28T15:01:42.747550+00:00
CH. SAMBHAJINAGAR REGION,"LATUR ZONE, LATUR",LATUR CIRCLE,NILANGA DIVISION,246,17826,00:24,23:36,265,24256,00:33,23:27,165,21151,00:29,23:31,148,18435,00:25,23:35,53,5685,00:27,23:33,2025-07-28 15:01:42.474044+00:00,2506,0.4,0.55,0.48,0.42,0.45,23.6,23.45,23.52,23.58,23.55,2025-07-28T15:01:42.747550+00:00
CH. SAMBHAJINAGAR REGION,"LATUR ZONE, LATUR",LATUR CIRCLE,UDGIR DIVISION,301,26437,00:28,23:32,449,35774,00:38,23:22,185,24060,00:25,23:35,153,22110,00:23,23:37,50,5895,00:22,23:38,2025-07-28 15:01:42.474044+00:00,2506,0.47,0.63,0.42,0.38,0.37,23.53,23.37,23.58,23.62,23.63,2025-07-28T15:01:42.747550+00:00
CH. SAMBHAJINAGAR REGION,NANDED ZONE,HINGOLI CIRCLE,HINGOLI DIVISION,822,51696,00:41,23:19,996,95534,01:16,22:44,682,67801,00:54,23:06,622,69000,00:55,23:05,133,15600,00:43,23:17,2025-07-28 15:01:42.474044+00:00,2506,0.68,1.27,0.9,0.92,0.72,23.32,22.73,23.1,23.08,23.28,2025-07-28T15:01:42.747550+00:00
CH. SAMBHAJINAGAR REGION,NANDED ZONE,NANDED CIRCLE,BHOKAR DIVISION,230,13217,00:20,23:40,335,23973,00:37,23:23,133,12660,00:19,23:41,164,16450,00:25,23:35,29,2745,00:15,23:45,2025-07-28 15:01:42.474044+00:00,2506,0.33,0.62,0.32,0.42,0.25,23.67,23.38,23.68,23.58,23.75,2025-07-28T15:01:42.747550+00:00
CH. SAMBHAJINAGAR REGION,NANDED ZONE,NANDED CIRCLE,DEGLOOR DIVISION,248,12258,00:18,23:42,455,33100,00:49,23:11,152,12782,00:19,23:41,145,12763,00:19,23:41,35,4575,00:24,23:36,2025-07-28 15:01:42.474044+00:00,2506,0.3,0.82,0.32,0.32,0.4,23.7,23.18,23.68,23.68,23.6,2025-07-28T15:01:42.747550+00:00
CH. SAMBHAJINAGAR REGION,NANDED ZONE,NANDED CIRCLE,NANDED DIVISION,302,17262,00:21,23:39,366,49954,01:01,22:59,96,11334,00:14,23:46,75,8297,00:10,23:50,18,1035,00:04,23:56,2025-07-28 15:01:42.474044+00:00,2506,0.35,1.02,0.23,0.17,0.07,23.65,22.98,23.77,23.83,23.93,2025-07-28T15:01:42.747550+00:00
CH. SAMBHAJINAGAR REGION,NANDED ZONE,NANDED CIRCLE,NANDED RURAL DIVISION,175,10421,00:21,23:39,225,17945,00:36,23:24,86,9970,00:20,23:40,93,10960,00:22,23:38,21,3015,00:21,23:39,2025-07-28 15:01:42.474044+00:00,2506,0.35,0.6,0.33,0.37,0.35,23.65,23.4,23.67,23.63,23.65,2025-07-28T15:01:42.747550+00:00
CH. SAMBHAJINAGAR REGION,NANDED ZONE,PARBHANI CIRCLE,PARBHANI DIVISION - I,374,32402,00:35,23:25,398,44874,00:49,23:11,258,34185,00:37,23:23,232,44624,00:49,23:11,60,9870,00:38,23:22,2025-07-28 15:01:42.474044+00:00,2506,0.58,0.82,0.62,0.82,0.63,23.42,23.18,23.38,23.18,23.37,2025-07-28T15:01:42.747550+00:00
CH. SAMBHAJINAGAR REGION,NANDED ZONE,PARBHANI CIRCLE,PARBHANI DIVISION - II,545,44467,00:42,23:18,503,48413,00:46,23:14,410,56835,00:54,23:06,393,55605,00:53,23:07,105,14685,00:49,23:11,2025-07-28 15:01:42.474044+00:00,2506,0.7,0.77,0.9,0.88,0.82,23.3,23.23,23.1,23.12,23.18,2025-07-28T15:01:42.747550+00:00
KOKAN REGION,BHANDUP (U) ZONE,BHIWANDI AUXILLARY CIRCLE,BHIWANDI AUXILLARY DIVISION,0,0,00:00,24:00,0,0,00:00,24:00,0,0,00:00,24:00,0,0,00:00,24:00,0,0,00:00,24:00,2025-07-28 15:01:42.474044+00:00,2506,0.0,0.0,0.0,0.0,0.0,24.0,24.0,24.0,24.0,24.0,2025-07-28T15:01:42.747550+00:00
KOKAN REGION,BHANDUP (U) ZONE,BHIWANDI CIRCLE,BHIWANDI URBAN I DIVISION,0,0,00:00,24:00,0,0,00:00,24:00,0,0,00:00,24:00,0,0,00:00,24:00,0,0,00:00,24:00,2025-07-28 15:01:42.474044+00:00,2506,0.0,0.0,0.0,0.0,0.0,24.0,24.0,24.0,24.0,24.0,2025-07-28T15:01:42.747550+00:00
KOKAN REGION,BHANDUP (U) ZONE,BHIWANDI CIRCLE,BHIWANDI URBAN II DIV.,0,0,00:00,24:00,0,0,00:00,24:00,0,0,00:00,24:00,0,0,00:00,24:00,2,270,00:02,23:58,2025-07-28 15:01:42.474044+00:00,2506,0.0,0.0,0.0,0.0,0.03,24.0,24.0,24.0,24.0,23.97,2025-07-28T15:01:42.747550+00:00
KOKAN REGION,BHANDUP (U) ZONE,PEN CIRCLE,ALIBAG DIVISION,61,4326,00:11,23:49,74,7762,00:21,23:39,82,5768,00:15,23:45,63,4910,00:13,23:47,23,3765,00:35,23:25,2025-07-28 15:01:42.474044+00:00,2506,0.18,0.35,0.25,0.22,0.58,23.82,23.65,23.75,23.78,23.42,2025-07-28T15:01:42.747550+00:00
KOKAN REGION,BHANDUP (U) ZONE,PEN CIRCLE,GOREGAON DIVISION,71,5034,00:10,23:50,33,5055,00:10,23:50,87,10772,00:21,23:39,42,5340,00:10,23:50,9,675,00:05,23:55,2025-07-28 15:01:42.474044+00:00,2506,0.17,0.17,0.35,0.17,0.08,23.83,23.83,23.65,23.83,23.92,2025-07-28T15:01:42.747550+00:00
KOKAN REGION,BHANDUP (U) ZONE,PEN CIRCLE,PANVEL RURAL DIVISION,139,14206,00:16,23:44,147,20596,00:24,23:36,136,13726,00:16,23:44,119,11074,00:13,23:47,25,2235,00:09,23:51,2025-07-28 15:01:42.474044+00:00,2506,0.27,0.4,0.27,0.22,0.15,23.73,23.6,23.73,23.78,23.85,2025-07-28T15:01:42.747550+00:00
KOKAN REGION,BHANDUP (U) ZONE,PEN CIRCLE,ROHA DIVISION,68,5564,00:11,23:49,76,11805,00:23,23:37,96,16260,00:31,23:29,67,8400,00:16,23:44,20,2070,00:14,23:46,2025-07-28 15:01:42.474044+00:00,2506,0.18,0.38,0.52,0.27,0.23,23.82,23.62,23.48,23.73,23.77,2025-07-28T15:01:42.747550+00:00
KOKAN REGION,BHANDUP (U) ZONE,THANE (U) CIRCLE,BHANDUP URBAN DIVISION,14,651,00:01,23:59,5,555,00:01,23:59,3,795,00:01,23:59,4,210,00:00,24:00,0,0,00:00,24:00,2025-07-28 15:01:42.474044+00:00,2506,0.02,0.02,0.02,0.0,0.0,23.98,23.98,23.98,24.0,24.0,2025-07-28T15:01:42.747550+00:00
KOKAN REGION,BHANDUP (U) ZONE,THANE (U) CIRCLE,MULUND DIVISION,16,220,00:00,24:00,3,161,00:00,24:00,1,45,00:00,24:00,1,30,00:00,24:00,0,0,00:00,24:00,2025-07-28 15:01:42.474044+00:00,2506,0.0,0.0,0.0,0.0,0.0,24.0,24.0,24.0,24.0,24.0,2025-07-28T15:01:42.747550+00:00
KOKAN REGION,BHANDUP (U) ZONE,THANE (U) CIRCLE,THANE DIVISION - I,7,124,00:00,24:00,3,177,00:00,24:00,5,660,00:01,23:59,0,0,00:00,24:00,0,0,00:00,24:00,2025-07-28 15:01:42.474044+00:00,2506,0.0,0.0,0.02,0.0,0.0,24.0,24.0,23.98,24.0,24.0,2025-07-28T15:01:42.747550+00:00
KOKAN REGION,BHANDUP (U) ZONE,THANE (U) CIRCLE,THANE DIVISION-II,27,730,00:01,23:59,3,90,00:00,24:00,3,105,00:00,24:00,10,594,00:01,23:59,1,30,00:00,24:00,2025-07-28 15:01:42.474044+00:00,2506,0.02,0.0,0.0,0.02,0.0,23.98,24.0,24.0,23.98,24.0,2025-07-28T15:01:42.747550+00:00
KOKAN REGION,BHANDUP (U) ZONE,THANE (U) CIRCLE,WAGLE ESTATE DIVISION,23,1620,00:01,23:59,18,4440,00:03,23:57,18,1155,00:01,23:59,6,1140,00:01,23:59,4,360,00:01,23:59,2025-07-28 15:01:42.474044+00:00,2506,0.02,0.05,0.02,0.02,0.02,23.98,23.95,23.98,23.98,23.98,2025-07-28T15:01:42.747550+00:00
KOKAN REGION,BHANDUP (U) ZONE,THANE DF CIRCLE,THANE DF DIVISION,0,0,00:00,24:00,0,0,00:00,24:00,0,0,00:00,24:00,0,0,00:00,24:00,0,0,00:00,24:00,2025-07-28 15:01:42.474044+00:00,2506,0.0,0.0,0.0,0.0,0.0,24.0,24.0,24.0,24.0,24.0,2025-07-28T15:01:42.747550+00:00
KOKAN REGION,BHANDUP (U) ZONE,WASHI CIRCLE,NERUL O&M DIVISION,9,239,00:00,24:00,6,255,00:00,24:00,0,0,00:00,24:00,8,714,00:00,24:00,0,0,00:00,24:00,2025-07-28 15:01:42.474044+00:00,2506,0.0,0.0,0.0,0.0,0.0,24.0,24.0,24.0,24.0,24.0,2025-07-28T15:01:42.747550+00:00
KOKAN REGION,BHANDUP (U) ZONE,WASHI CIRCLE,PANVEL URBAN DIVISION,150,13264,00:06,23:54,54,8023,00:03,23:57,48,4429,00:02,23:58,102,39109,00:17,23:43,7,585,00:01,23:59,2025-07-28 15:01:42.474044+00:00,2506,0.1,0.05,0.03,0.28,0.02,23.9,23.95,23.97,23.72,23.98,2025-07-28T15:01:42.747550+00:00
KOKAN REGION,BHANDUP (U) ZONE,WASHI CIRCLE,WASHI DIVISION,40,3505,00:02,23:58,15,2370,00:01,23:59,40,5956,00:04,23:56,13,3450,00:02,23:58,4,315,00:01,23:59,2025-07-28 15:01:42.474044+00:00,2506,0.03,0.02,0.07,0.03,0.02,23.97,23.98,23.93,23.97,23.98,2025-07-28T15:01:42.747550+00:00
KOKAN REGION,JALGAON ZONE,DHULE CIRCLE,DHULE RURAL DIVISION,274,22220,00:28,23:32,381,26950,00:34,23:26,508,24509,00:31,23:29,263,20340,00:26,23:34,60,6161,00:28,23:32,2025-07-28 15:01:42.474044+00:00,2506,0.47,0.57,0.52,0.43,0.47,23.53,23.43,23.48,23.57,23.53,2025-07-28T15:01:42.747550+00:00
KOKAN REGION,JALGAON ZONE,DHULE CIRCLE,DHULE URBAN DIVISION,410,13188,00:15,23:45,568,22826,00:25,23:35,470,12395,00:14,23:46,328,11496,00:13,23:47,32,1887,00:07,23:53,2025-07-28 15:01:42.474044+00:00,2506,0.25,0.42,0.23,0.22,0.12,23.75,23.58,23.77,23.78,23.88,2025-07-28T15:01:42.747550+00:00
KOKAN REGION,JALGAON ZONE,DHULE CIRCLE,DONDAICHA DIVISION,302,13321,00:20,23:40,401,25929,00:39,23:21,478,25432,00:38,23:22,250,12214,00:18,23:42,103,6059,00:32,23:28,2025-07-28 15:01:42.474044+00:00,2506,0.33,0.65,0.63,0.3,0.53,23.67,23.35,23.37,23.7,23.47,2025-07-28T15:01:42.747550+00:00
KOKAN REGION,JALGAON ZONE,JALGAON CIRCLE,BHUSAWAL DIVISION,229,15333,00:21,23:39,384,20473,00:29,23:31,432,25015,00:35,23:25,327,16952,00:24,23:36,77,4648,00:23,23:37,2025-07-28 15:01:42.474044+00:00,2506,0.35,0.48,0.58,0.4,0.38,23.65,23.52,23.42,23.6,23.62,2025-07-28T15:01:42.747550+00:00
KOKAN REGION,JALGAON ZONE,JALGAON CIRCLE,CHALISGAON DIVISION,102,3291,00:07,23:53,250,12571,00:29,23:31,196,7990,00:18,23:42,112,4831,00:11,23:49,22,513,00:04,23:56,2025-07-28 15:01:42.474044+00:00,2506,0.12,0.48,0.3,0.18,0.07,23.88,23.52,23.7,23.82,23.93,2025-07-28T15:01:42.747550+00:00
KOKAN REGION,JALGAON ZONE,JALGAON CIRCLE,DHARANGAON DIVISION,453,14782,00:15,23:45,773,54365,00:55,23:05,681,30103,00:30,23:30,501,20673,00:21,23:39,139,7994,00:28,23:32,2025-07-28 15:01:42.474044+00:00,2506,0.25,0.92,0.5,0.35,0.47,23.75,23.08,23.5,23.65,23.53,2025-07-28T15:01:42.747550+00:00
KOKAN REGION,JALGAON ZONE,JALGAON CIRCLE,JALGAON URBAN DIVISION,263,10180,00:14,23:46,476,38119,00:51,23:09,371,17827,00:24,23:36,277,11693,00:16,23:44,89,4971,00:23,23:37,2025-07-28 15:01:42.474044+00:00,2506,0.23,0.85,0.4,0.27,0.38,23.77,23.15,23.6,23.73,23.62,2025-07-28T15:01:42.747550+00:00
KOKAN REGION,JALGAON ZONE,JALGAON CIRCLE,MUKTAINAGAR DIVISION,74,2833,00:07,23:53,198,13306,00:35,23:25,243,9482,00:25,23:35,128,7767,00:20,23:40,52,3000,00:27,23:33,2025-07-28 15:01:42.474044+00:00,2506,0.12,0.58,0.42,0.33,0.45,23.88,23.42,23.58,23.67,23.55,2025-07-28T15:01:42.747550+00:00
KOKAN REGION,JALGAON ZONE,JALGAON CIRCLE,PACHORA DIVISION,194,9892,00:14,23:46,597,49765,01:10,22:50,522,23873,00:33,23:27,289,16989,00:24,23:36,90,5558,00:27,23:33,2025-07-28 15:01:42.474044+00:00,2506,0.23,1.17,0.55,0.4,0.45,23.77,22.83,23.45,23.6,23.55,2025-07-28T15:01:42.747550+00:00
KOKAN REGION,JALGAON ZONE,JALGAON CIRCLE,SAVADA DIVISION,253,10911,00:17,23:43,265,12607,00:19,23:41,319,12703,00:20,23:40,227,9669,00:15,23:45,135,7029,00:38,23:22,2025-07-28 15:01:42.474044+00:00,2506,0.28,0.32,0.33,0.25,0.63,23.72,23.68,23.67,23.75,23.37,2025-07-28T15:01:42.747550+00:00
KOKAN REGION,JALGAON ZONE,NANDURBAR CIRCLE,NANDURBAR (O&M) DIVISION,181,11132,00:18,23:42,319,20667,00:34,23:26,527,28792,00:47,23:13,271,18873,00:31,23:29,101,7645,00:44,23:16,2025-07-28 15:01:42.474044+00:00,2506,0.3,0.57,0.78,0.52,0.73,23.7,23.43,23.22,23.48,23.27,2025-07-28T15:01:42.747550+00:00
KOKAN REGION,JALGAON ZONE,NANDURBAR CIRCLE,SHAHADA DIVISION,598,21026,00:25,23:35,733,41243,00:50,23:10,1018,42387,00:51,23:09,654,34301,00:42,23:18,154,11209,00:47,23:13,2025-07-28 15:01:42.474044+00:00,2506,0.42,0.83,0.85,0.7,0.78,23.58,23.17,23.15,23.3,23.22,2025-07-28T15:01:42.747550+00:00
KOKAN REGION,KALYAN ZONE,KALYAN CIRCLE - I,DOMBIVALI URBAN DIVISION,4,295,00:01,23:59,8,786,00:04,23:56,6,788,00:04,23:56,19,2269,00:11,23:49,0,0,00:00,24:00,2025-07-28 15:01:42.474044+00:00,2506,0.02,0.07,0.07,0.18,0.0,23.98,23.93,23.93,23.82,24.0,2025-07-28T15:01:42.747550+00:00
KOKAN REGION,KALYAN ZONE,KALYAN CIRCLE - I,KALYAN (EAST) DIVISION,33,1127,00:01,23:59,35,4250,00:05,23:55,53,6030,00:07,23:53,40,8085,00:10,23:50,10,1485,00:06,23:54,2025-07-28 15:01:42.474044+00:00,2506,0.02,0.08,0.12,0.17,0.1,23.98,23.92,23.88,23.83,23.9,2025-07-28T15:01:42.747550+00:00
KOKAN REGION,KALYAN ZONE,KALYAN CIRCLE - I,KALYAN URBAN DIVISION,17,1656,00:05,23:55,9,540,00:02,23:58,20,3090,00:10,23:50,19,1365,00:04,23:56,2,75,00:01,23:59,2025-07-28 15:01:42.474044+00:00,2506,0.08,0.03,0.17,0.07,0.02,23.92,23.97,23.83,23.93,23.98,2025-07-28T15:01:42.747550+00:00
KOKAN REGION,KALYAN ZONE,KALYAN CIRCLE - II,BADLAPUR DIVISION,47,5198,00:12,23:48,69,11400,00:27,23:33,63,6865,00:16,23:44,48,3844,00:09,23:51,15,1365,00:11,23:49,2025-07-28 15:01:42.474044+00:00,2506,0.2,0.45,0.27,0.15,0.18,23.8,23.55,23.73,23.85,23.82,2025-07-28T15:01:42.747550+00:00
KOKAN REGION,KALYAN ZONE,KALYAN CIRCLE - II,KALYAN RURAL DIVISION,64,4112,00:09,23:51,28,2623,00:06,23:54,60,5730,00:13,23:47,41,3571,00:08,23:52,5,300,00:02,23:58,2025-07-28 15:01:42.474044+00:00,2506,0.15,0.1,0.22,0.13,0.03,23.85,23.9,23.78,23.87,23.97,2025-07-28T15:01:42.747550+00:00
KOKAN REGION,KALYAN ZONE,KALYAN CIRCLE - II,ULHASNAGAR DIVISION I,7,1000,00:09,23:51,8,975,00:09,23:51,24,1785,00:16,23:44,13,2220,00:20,23:40,4,529,00:17,23:43,2025-07-28 15:01:42.474044+00:00,2506,0.15,0.15,0.27,0.33,0.28,23.85,23.85,23.73,23.67,23.72,2025-07-28T15:01:42.747550+00:00
KOKAN REGION,KALYAN ZONE,KALYAN CIRCLE - II,ULHASNAGAR DIVISION II,22,3738,00:10,23:50,7,435,00:01,23:59,15,1290,00:03,23:57,19,1696,00:04,23:56,4,255,00:02,23:58,2025-07-28 15:01:42.474044+00:00,2506,0.17,0.02,0.05,0.07,0.03,23.83,23.98,23.95,23.93,23.97,2025-07-28T15:01:42.747550+00:00
KOKAN REGION,KALYAN ZONE,PALGHAR (MINI) CIRCLE,PALGHAR DIVISION,389,24539,00:13,23:47,206,27272,00:14,23:46,438,54249,00:28,23:32,278,24954,00:13,23:47,65,5891,00:11,23:49,2025-07-28 15:01:42.474044+00:00,2506,0.22,0.23,0.47,0.22,0.18,23.78,23.77,23.53,23.78,23.82,2025-07-28T15:01:42.747550+00:00
KOKAN REGION,KALYAN ZONE,VASAI CIRCLE,VASAI DIVISION,192,21642,00:24,23:36,144,14068,00:15,23:45,202,24752,00:27,23:33,175,15374,00:17,23:43,28,3213,00:12,23:48,2025-07-28 15:01:42.474044+00:00,2506,0.4,0.25,0.45,0.28,0.2,23.6,23.75,23.55,23.72,23.8,2025-07-28T15:01:42.747550+00:00
KOKAN REGION,KALYAN ZONE,VASAI CIRCLE,VIRAR O AND M DIVISION,36,3699,00:10,23:50,27,1749,00:05,23:55,65,5415,00:14,23:46,52,5001,00:13,23:47,9,541,00:05,23:55,2025-07-28 15:01:42.474044+00:00,2506,0.17,0.08,0.23,0.22,0.08,23.83,23.92,23.77,23.78,23.92,2025-07-28T15:01:42.747550+00:00
KOKAN REGION,"KOKAN ZONE,RATNAGIRI",RATNAGIRI CIRCLE,CHIPLUN DIVISION,72,3308,00:07,23:53,44,7725,00:16,23:44,78,10350,00:21,23:39,33,3315,00:07,23:53,14,1230,00:09,23:51,2025-07-28 15:01:42.474044+00:00,2506,0.12,0.27,0.35,0.12,0.15,23.88,23.73,23.65,23.88,23.85,2025-07-28T15:01:42.747550+00:00
KOKAN REGION,"KOKAN ZONE,RATNAGIRI",RATNAGIRI CIRCLE,KHED DIVISION,38,3411,00:07,23:53,24,2100,00:04,23:56,82,12606,00:24,23:36,32,2865,00:06,23:54,10,1665,00:11,23:49,2025-07-28 15:01:42.474044+00:00,2506,0.12,0.07,0.4,0.1,0.18,23.88,23.93,23.6,23.9,23.82,2025-07-28T15:01:42.747550+00:00
KOKAN REGION,"KOKAN ZONE,RATNAGIRI",RATNAGIRI CIRCLE,RATNAGARI DIVISION,140,8902,00:10,23:50,89,8940,00:10,23:50,140,13131,00:15,23:45,81,7455,00:09,23:51,22,1967,00:08,23:52,2025-07-28 15:01:42.474044+00:00,2506,0.17,0.17,0.25,0.15,0.13,23.83,23.83,23.75,23.85,23.87,2025-07-28T15:01:42.747550+00:00
KOKAN REGION,"KOKAN ZONE,RATNAGIRI",SINDUDURG CIRCLE,KANKAVALI DIVISION,38,5306,00:09,23:51,37,4101,00:07,23:53,88,10076,00:17,23:43,58,8966,00:15,23:45,24,3060,00:18,23:42,2025-07-28 15:01:42.474044+00:00,2506,0.15,0.12,0.28,0.25,0.3,23.85,23.88,23.72,23.75,23.7,2025-07-28T15:01:42.747550+00:00
KOKAN REGION,"KOKAN ZONE,RATNAGIRI",SINDUDURG CIRCLE,KUDAL DIVISION,41,6569,00:11,23:49,56,9321,00:16,23:44,81,10961,00:19,23:41,60,5603,00:10,23:50,23,3991,00:24,23:36,2025-07-28 15:01:42.474044+00:00,2506,0.18,0.27,0.32,0.17,0.4,23.82,23.73,23.68,23.83,23.6,2025-07-28T15:01:42.747550+00:00
KOKAN REGION,NASIK ZONE,AHILYANAGAR CIRCLE,AHILYANAGAR RURAL DIVISION,597,31507,00:40,23:20,918,74127,01:35,22:25,863,38787,00:49,23:11,459,31773,00:41,23:19,89,6923,00:31,23:29,2025-07-28 15:01:42.474044+00:00,2506,0.67,1.58,0.82,0.68,0.52,23.33,22.42,23.18,23.32,23.48,2025-07-28T15:01:42.747550+00:00
KOKAN REGION,NASIK ZONE,AHILYANAGAR CIRCLE,AHILYANAGAR URBAN DIVISION,506,24895,00:16,23:44,831,81120,00:54,23:06,580,39444,00:26,23:34,400,27789,00:18,23:42,82,3531,00:08,23:52,2025-07-28 15:01:42.474044+00:00,2506,0.27,0.9,0.43,0.3,0.13,23.73,23.1,23.57,23.7,23.87,2025-07-28T15:01:42.747550+00:00
KOKAN REGION,NASIK ZONE,AHILYANAGAR CIRCLE,KARJAT (R) DIVISION,518,23795,00:27,23:33,640,38326,00:43,23:17,729,26340,00:29,23:31,350,19451,00:22,23:38,93,4357,00:17,23:43,2025-07-28 15:01:42.474044+00:00,2506,0.45,0.72,0.48,0.37,0.28,23.55,23.28,23.52,23.63,23.72,2025-07-28T15:01:42.747550+00:00
KOKAN REGION,NASIK ZONE,AHILYANAGAR CIRCLE,SANGEMNER DIVISION,449,15473,00:13,23:47,842,51462,00:43,23:17,804,30391,00:26,23:34,471,22971,00:19,23:41,62,3888,00:11,23:49,2025-07-28 15:01:42.474044+00:00,2506,0.22,0.72,0.43,0.32,0.18,23.78,23.28,23.57,23.68,23.82,2025-07-28T15:01:42.747550+00:00
KOKAN REGION,NASIK ZONE,AHILYANAGAR CIRCLE,SHRIRAMPUR RURAL DIVISION,441,31972,00:37,23:23,644,75775,01:29,22:31,567,37374,00:44,23:16,297,17744,00:21,23:39,55,2754,00:11,23:49,2025-07-28 15:01:42.474044+00:00,2506,0.62,1.48,0.73,0.35,0.18,23.38,22.52,23.27,23.65,23.82,2025-07-28T15:01:42.747550+00:00
KOKAN REGION,NASIK ZONE,MALEGAON CIRCLE,KALWAN DIVISION,53,2772,00:10,23:50,87,6491,00:23,23:37,106,3297,00:12,23:48,41,1827,00:07,23:53,21,1046,00:13,23:47,2025-07-28 15:01:42.474044+00:00,2506,0.17,0.38,0.2,0.12,0.22,23.83,23.62,23.8,23.88,23.78,2025-07-28T15:01:42.747550+00:00
KOKAN REGION,NASIK ZONE,MALEGAON CIRCLE,MALEGAON URBAN DIVISION,134,7305,00:16,23:44,194,13134,00:29,23:31,152,7335,00:16,23:44,91,4748,00:10,23:50,17,552,00:04,23:56,2025-07-28 15:01:42.474044+00:00,2506,0.27,0.48,0.27,0.17,0.07,23.73,23.52,23.73,23.83,23.93,2025-07-28T15:01:42.747550+00:00
KOKAN REGION,NASIK ZONE,MALEGAON CIRCLE,MANMAD RURAL DIVISION,158,11436,00:22,23:38,355,23302,00:46,23:14,262,11304,00:22,23:38,102,5632,00:11,23:49,30,1272,00:09,23:51,2025-07-28 15:01:42.474044+00:00,2506,0.37,0.77,0.37,0.18,0.15,23.63,23.23,23.63,23.82,23.85,2025-07-28T15:01:42.747550+00:00
KOKAN REGION,NASIK ZONE,MALEGAON CIRCLE,SATANA DIVISION,97,4464,00:16,23:44,140,9021,00:33,23:27,152,7509,00:28,23:32,86,4432,00:16,23:44,16,1007,00:13,23:47,2025-07-28 15:01:42.474044+00:00,2506,0.27,0.55,0.47,0.27,0.22,23.73,23.45,23.53,23.73,23.78,2025-07-28T15:01:42.747550+00:00
KOKAN REGION,NASIK ZONE,MALEGAON DF CIRCLE,MALEGAON DF DIVISION,36,2270,00:05,23:55,30,2207,00:04,23:56,36,1721,00:03,23:57,12,318,00:01,23:59,1,8,00:00,24:00,2025-07-28 15:01:42.474044+00:00,2506,0.08,0.07,0.05,0.02,0.0,23.92,23.93,23.95,23.98,24.0,2025-07-28T15:01:42.747550+00:00
KOKAN REGION,NASIK ZONE,NASHIK CIRCLE,CHANDWAD DIVISION,198,10908,00:16,23:44,271,16572,00:24,23:36,210,10268,00:15,23:45,112,4002,00:06,23:54,26,2202,00:11,23:49,2025-07-28 15:01:42.474044+00:00,2506,0.27,0.4,0.25,0.1,0.18,23.73,23.6,23.75,23.9,23.82,2025-07-28T15:01:42.747550+00:00
KOKAN REGION,NASIK ZONE,NASHIK CIRCLE,NASIK RURAL DIVISION,491,27301,00:17,23:43,550,35313,00:23,23:37,865,42642,00:27,23:33,510,28165,00:18,23:42,114,6168,00:14,23:46,2025-07-28 15:01:42.474044+00:00,2506,0.28,0.38,0.45,0.3,0.23,23.72,23.62,23.55,23.7,23.77,2025-07-28T15:01:42.747550+00:00
KOKAN REGION,NASIK ZONE,NASHIK CIRCLE,NASIK URBAN DN. I,109,4825,00:04,23:56,76,4332,00:04,23:56,106,4253,00:04,23:56,119,4339,00:04,23:56,24,986,00:03,23:57,2025-07-28 15:01:42.474044+00:00,2506,0.07,0.07,0.07,0.07,0.05,23.93,23.93,23.93,23.93,23.95,2025-07-28T15:01:42.747550+00:00
KOKAN REGION,NASIK ZONE,NASHIK CIRCLE,NASIK URBAN DN. II,323,15995,00:13,23:47,346,22868,00:18,23:42,551,19181,00:15,23:45,333,15826,00:12,23:48,65,3788,00:10,23:50,2025-07-28 15:01:42.474044+00:00,2506,0.22,0.3,0.25,0.2,0.17,23.78,23.7,23.75,23.8,23.83,2025-07-28T15:01:42.747550+00:00
NAGPUR REGION,AKOLA ZONE,AKOLA CIRCLE,AKOLA RURAL DIVISION,95,7478,00:08,23:52,124,11139,00:11,23:49,93,6463,00:07,23:53,94,6885,00:07,23:53,36,3855,00:14,23:46,2025-07-28 15:01:42.474044+00:00,2506,0.13,0.18,0.12,0.12,0.23,23.87,23.82,23.88,23.88,23.77,2025-07-28T15:01:42.747550+00:00
NAGPUR REGION,AKOLA ZONE,AKOLA CIRCLE,AKOLA URBAN DIVISION,32,3676,00:04,23:56,73,6787,00:07,23:53,31,2717,00:03,23:57,57,5389,00:05,23:55,9,637,00:02,23:58,2025-07-28 15:01:42.474044+00:00,2506,0.07,0.12,0.05,0.08,0.03,23.93,23.88,23.95,23.92,23.97,2025-07-28T15:01:42.747550+00:00
NAGPUR REGION,AKOLA ZONE,AKOLA CIRCLE,AKOT DIVISION,30,2868,00:05,23:55,90,9299,00:16,23:44,69,4207,00:07,23:53,79,5288,00:09,23:51,18,1031,00:06,23:54,2025-07-28 15:01:42.474044+00:00,2506,0.08,0.27,0.12,0.15,0.1,23.92,23.73,23.88,23.85,23.9,2025-07-28T15:01:42.747550+00:00
NAGPUR REGION,AKOLA ZONE,BULDHANA CIRCLE,BULDHANA DIVISION,49,10802,00:18,23:42,176,26550,00:44,23:16,130,13583,00:23,23:37,126,17175,00:29,23:31,27,3890,00:23,23:37,2025-07-28 15:01:42.474044+00:00,2506,0.3,0.73,0.38,0.48,0.38,23.7,23.27,23.62,23.52,23.62,2025-07-28T15:01:42.747550+00:00
NAGPUR REGION,AKOLA ZONE,BULDHANA CIRCLE,KHAMGAON CONSTRUCTION DIV,44,1995,00:03,23:57,113,9169,00:16,23:44,82,3068,00:05,23:55,58,2709,00:05,23:55,20,659,00:04,23:56,2025-07-28 15:01:42.474044+00:00,2506,0.05,0.27,0.08,0.08,0.07,23.95,23.73,23.92,23.92,23.93,2025-07-28T15:01:42.747550+00:00
NAGPUR REGION,AKOLA ZONE,BULDHANA CIRCLE,MALKAPUR DIVISION,147,15466,00:22,23:38,234,23980,00:34,23:26,235,24532,00:35,23:25,178,19315,00:27,23:33,53,4311,00:21,23:39,2025-07-28 15:01:42.474044+00:00,2506,0.37,0.57,0.58,0.45,0.35,23.63,23.43,23.42,23.55,23.65,2025-07-28T15:01:42.747550+00:00
NAGPUR REGION,AKOLA ZONE,BULDHANA CIRCLE,MEHKAR DIVISION,206,10790,00:16,23:44,318,22038,00:32,23:28,350,19498,00:28,23:32,233,15751,00:23,23:37,49,2832,00:14,23:46,2025-07-28 15:01:42.474044+00:00,2506,0.27,0.53,0.47,0.38,0.23,23.73,23.47,23.53,23.62,23.77,2025-07-28T15:01:42.747550+00:00
NAGPUR REGION,AKOLA ZONE,WASHIM CIRCLE,WASHIM DIVISION,242,37797,00:25,23:35,472,59757,00:39,23:21,484,51002,00:33,23:27,376,43351,00:28,23:32,110,9420,00:21,23:39,2025-07-28 15:01:42.474044+00:00,2506,0.42,0.65,0.55,0.47,0.35,23.58,23.35,23.45,23.53,23.65,2025-07-28T15:01:42.747550+00:00
NAGPUR REGION,AMARAVATI ZONE,AMARAVATI CIRCLE,ACHALPUR DIVISION,64,7730,00:08,23:52,209,43940,00:43,23:17,145,16993,00:17,23:43,82,13892,00:14,23:46,16,3150,00:11,23:49,2025-07-28 15:01:42.474044+00:00,2506,0.13,0.72,0.28,0.23,0.18,23.87,23.28,23.72,23.77,23.82,2025-07-28T15:01:42.747550+00:00
NAGPUR REGION,AMARAVATI ZONE,AMARAVATI CIRCLE,AMARAVATI CONSTRUCTION DN,73,11017,00:10,23:50,138,19791,00:17,23:43,179,16282,00:14,23:46,123,11930,00:10,23:50,30,1711,00:05,23:55,2025-07-28 15:01:42.474044+00:00,2506,0.17,0.28,0.23,0.17,0.08,23.83,23.72,23.77,23.83,23.92,2025-07-28T15:01:42.747550+00:00
NAGPUR REGION,AMARAVATI ZONE,AMARAVATI CIRCLE,AMARAVATI URBAN DIVISION,26,4387,00:06,23:54,59,5540,00:07,23:53,71,7755,00:10,23:50,59,6802,00:09,23:51,12,1069,00:05,23:55,2025-07-28 15:01:42.474044+00:00,2506,0.1,0.12,0.17,0.15,0.08,23.9,23.88,23.83,23.85,23.92,2025-07-28T15:01:42.747550+00:00
NAGPUR REGION,AMARAVATI ZONE,AMARAVATI CIRCLE,MORSHI DIVISION,43,5573,00:09,23:51,95,11418,00:19,23:41,90,10795,00:18,23:42,70,7334,00:12,23:48,8,356,00:02,23:58,2025-07-28 15:01:42.474044+00:00,2506,0.15,0.32,0.3,0.2,0.03,23.85,23.68,23.7,23.8,23.97,2025-07-28T15:01:42.747550+00:00
NAGPUR REGION,AMARAVATI ZONE,YAVATMAL CIRCLE,DARVHA DIVISION,43,5095,00:10,23:50,135,16733,00:33,23:27,91,8970,00:18,23:42,59,4602,00:09,23:51,15,933,00:06,23:54,2025-07-28 15:01:42.474044+00:00,2506,0.17,0.55,0.3,0.15,0.1,23.83,23.45,23.7,23.85,23.9,2025-07-28T15:01:42.747550+00:00
NAGPUR REGION,AMARAVATI ZONE,YAVATMAL CIRCLE,PANDHARKAWADA DN.,186,12607,00:14,23:46,643,60435,01:09,22:51,333,16960,00:19,23:41,264,16310,00:19,23:41,89,7161,00:29,23:31,2025-07-28 15:01:42.474044+00:00,2506,0.23,1.15,0.32,0.32,0.48,23.77,22.85,23.68,23.68,23.52,2025-07-28T15:01:42.747550+00:00
NAGPUR REGION,AMARAVATI ZONE,YAVATMAL CIRCLE,PUSAD DIVISION,209,20914,00:31,23:29,421,49753,01:14,22:46,306,25673,00:38,23:22,280,22922,00:34,23:26,58,5992,00:31,23:29,2025-07-28 15:01:42.474044+00:00,2506,0.52,1.23,0.63,0.57,0.52,23.48,22.77,23.37,23.43,23.48,2025-07-28T15:01:42.747550+00:00
NAGPUR REGION,AMARAVATI ZONE,YAVATMAL CIRCLE,YAVATMAL DIVISION,62,5379,00:08,23:52,137,10671,00:15,23:45,109,6555,00:09,23:51,102,8403,00:12,23:48,21,1980,00:10,23:50,2025-07-28 15:01:42.474044+00:00,2506,0.13,0.25,0.15,0.2,0.17,23.87,23.75,23.85,23.8,23.83,2025-07-28T15:01:42.747550+00:00
NAGPUR REGION,CHANDRAPUR ZONE,CHANDRAPUR CIRCLE,BALLARSHAH DIVISION,27,3180,00:04,23:56,116,23028,00:27,23:33,125,11988,00:14,23:46,125,13170,00:15,23:45,31,4706,00:19,23:41,2025-07-28 15:01:42.474044+00:00,2506,0.07,0.45,0.23,0.25,0.32,23.93,23.55,23.77,23.75,23.68,2025-07-28T15:01:42.747550+00:00
NAGPUR REGION,CHANDRAPUR ZONE,CHANDRAPUR CIRCLE,CHANDRAPUR DIVISION,28,8164,00:07,23:53,121,15671,00:13,23:47,102,10273,00:08,23:52,81,8606,00:07,23:53,25,2908,00:08,23:52,2025-07-28 15:01:42.474044+00:00,2506,0.12,0.22,0.13,0.12,0.13,23.88,23.78,23.87,23.88,23.87,2025-07-28T15:01:42.747550+00:00
NAGPUR REGION,CHANDRAPUR ZONE,CHANDRAPUR CIRCLE,WARORA DIVISION,29,2415,00:03,23:57,41,7944,00:11,23:49,35,3294,00:05,23:55,38,4108,00:06,23:54,10,1545,00:08,23:52,2025-07-28 15:01:42.474044+00:00,2506,0.05,0.18,0.08,0.1,0.13,23.95,23.82,23.92,23.9,23.87,2025-07-28T15:01:42.747550+00:00
NAGPUR REGION,CHANDRAPUR ZONE,GADCHIROLI CIRCLE,ALLAPALLI DIVISION,48,18552,00:28,23:32,53,19565,00:29,23:31,34,3441,00:05,23:55,77,11987,00:18,23:42,19,4997,00:26,23:34,2025-07-28 15:01:42.474044+00:00,2506,0.47,0.48,0.08,0.3,0.43,23.53,23.52,23.92,23.7,23.57,2025-07-28T15:01:42.747550+00:00
NAGPUR REGION,CHANDRAPUR ZONE,GADCHIROLI CIRCLE,BRAMHAPURI DIVISION,18,2620,00:05,23:55,46,6061,00:12,23:48,38,3999,00:08,23:52,35,4909,00:10,23:50,10,866,00:06,23:54,2025-07-28 15:01:42.474044+00:00,2506,0.08,0.2,0.13,0.17,0.1,23.92,23.8,23.87,23.83,23.9,2025-07-28T15:01:42.747550+00:00
NAGPUR REGION,CHANDRAPUR ZONE,GADCHIROLI CIRCLE,GADCHIROLI DIVISION,53,15823,00:22,23:38,67,17827,00:24,23:36,63,5392,00:07,23:53,80,9825,00:13,23:47,16,6072,00:29,23:31,2025-07-28 15:01:42.474044+00:00,2506,0.37,0.4,0.12,0.22,0.48,23.63,23.6,23.88,23.78,23.52,2025-07-28T15:01:42.747550+00:00
NAGPUR REGION,GONDIA ZONE,BHANDARA CIRCLE,BHANDARA DIVISION,37,9409,00:09,23:51,44,7297,00:07,23:53,62,11838,00:12,23:48,67,16702,00:17,23:43,16,2287,00:08,23:52,2025-07-28 15:01:42.474044+00:00,2506,0.15,0.12,0.2,0.28,0.13,23.85,23.88,23.8,23.72,23.87,2025-07-28T15:01:42.747550+00:00
NAGPUR REGION,GONDIA ZONE,BHANDARA CIRCLE,SAKOLI O&M DIVISION,38,5068,00:12,23:48,48,4492,00:11,23:49,50,4067,00:10,23:50,69,6574,00:16,23:44,19,2496,00:21,23:39,2025-07-28 15:01:42.474044+00:00,2506,0.2,0.18,0.17,0.27,0.35,23.8,23.82,23.83,23.73,23.65,2025-07-28T15:01:42.747550+00:00
NAGPUR REGION,GONDIA ZONE,GONDIA CIRCLE,DEORI DIVISION,54,14735,00:24,23:36,61,9915,00:16,23:44,53,8399,00:14,23:46,62,9314,00:15,23:45,19,3041,00:17,23:43,2025-07-28 15:01:42.474044+00:00,2506,0.4,0.27,0.23,0.25,0.28,23.6,23.73,23.77,23.75,23.72,2025-07-28T15:01:42.747550+00:00
NAGPUR REGION,GONDIA ZONE,GONDIA CIRCLE,GONDIA DIVISION,94,15611,00:14,23:46,85,8999,00:08,23:52,112,9879,00:09,23:51,103,11056,00:10,23:50,23,3126,00:10,23:50,2025-07-28 15:01:42.474044+00:00,2506,0.23,0.13,0.15,0.17,0.17,23.77,23.87,23.85,23.83,23.83,2025-07-28T15:01:42.747550+00:00
NAGPUR REGION,NAGPUR ZONE,NAGPUR (R) CIRCLE,KATOL DIVISION,47,5192,00:10,23:50,31,3669,00:07,23:53,38,4466,00:09,23:51,35,4527,00:09,23:51,8,340,00:02,23:58,2025-07-28 15:01:42.474044+00:00,2506,0.17,0.12,0.15,0.15,0.03,23.83,23.88,23.85,23.85,23.97,2025-07-28T15:01:42.747550+00:00
NAGPUR REGION,NAGPUR ZONE,NAGPUR (R) CIRCLE,MOUDA DIVISION,92,14043,00:11,23:49,87,10260,00:08,23:52,111,6185,00:05,23:55,102,12079,00:10,23:50,38,3588,00:10,23:50,2025-07-28 15:01:42.474044+00:00,2506,0.18,0.13,0.08,0.17,0.17,23.82,23.87,23.92,23.83,23.83,2025-07-28T15:01:42.747550+00:00
NAGPUR REGION,NAGPUR ZONE,NAGPUR (R) CIRCLE,SAONER DIVISION,43,6405,00:06,23:54,33,3658,00:03,23:57,36,2908,00:03,23:57,28,2164,00:02,23:58,5,385,00:01,23:59,2025-07-28 15:01:42.474044+00:00,2506,0.1,0.05,0.05,0.03,0.02,23.9,23.95,23.95,23.97,23.98,2025-07-28T15:01:42.747550+00:00
NAGPUR REGION,NAGPUR ZONE,NAGPUR (R) CIRCLE,UMRED DIVISION,30,7655,00:11,23:49,40,5700,00:08,23:52,36,2442,00:03,23:57,24,3091,00:04,23:56,10,840,00:04,23:56,2025-07-28 15:01:42.474044+00:00,2506,0.18,0.13,0.05,0.07,0.07,23.82,23.87,23.95,23.93,23.93,2025-07-28T15:01:42.747550+00:00
NAGPUR REGION,NAGPUR ZONE,NAGPUR (U) CIRCLE,MIDC METER NAGPUR,42,12576,00:09,23:51,39,4215,00:03,23:57,32,3455,00:02,23:58,28,3341,00:02,23:58,13,1170,00:03,23:57,2025-07-28 15:01:42.474044+00:00,2506,0.15,0.05,0.03,0.03,0.05,23.85,23.95,23.97,23.97,23.95,2025-07-28T15:01:42.747550+00:00
NAGPUR REGION,NAGPUR ZONE,NAGPUR (U) CIRCLE,NAGPUR CIVIL LINES DIVN.,29,14340,00:15,23:45,15,1246,00:01,23:59,16,1468,00:01,23:59,9,1830,00:02,23:58,7,1080,00:04,23:56,2025-07-28 15:01:42.474044+00:00,2506,0.25,0.02,0.02,0.03,0.07,23.75,23.98,23.98,23.97,23.93,2025-07-28T15:01:42.747550+00:00
NAGPUR REGION,NAGPUR ZONE,NAGPUR (U) CIRCLE,NAGPUR CONGRESS NAGAR DIV,28,2894,00:02,23:58,28,3256,00:02,23:58,40,3739,00:02,23:58,61,20502,00:14,23:46,4,177,00:00,24:00,2025-07-28 15:01:42.474044+00:00,2506,0.03,0.03,0.03,0.23,0.0,23.97,23.97,23.97,23.77,24.0,2025-07-28T15:01:42.747550+00:00
NAGPUR REGION,NAGPUR ZONE,NAGPUR (U) CIRCLE,NAGPUR GANDHIBAUG DIV.,22,1010,00:02,23:58,10,1500,00:03,23:57,9,1212,00:02,23:58,12,1191,00:02,23:58,4,285,00:02,23:58,2025-07-28 15:01:42.474044+00:00,2506,0.03,0.05,0.03,0.03,0.03,23.97,23.95,23.97,23.97,23.97,2025-07-28T15:01:42.747550+00:00
NAGPUR REGION,NAGPUR ZONE,NAGPUR (U) CIRCLE,NAGPUR MAHAL DIVISION,26,4920,00:05,23:55,20,2243,00:02,23:58,22,1582,00:02,23:58,16,1964,00:02,23:58,2,305,00:01,23:59,2025-07-28 15:01:42.474044+00:00,2506,0.08,0.03,0.03,0.03,0.02,23.92,23.97,23.97,23.97,23.98,2025-07-28T15:01:42.747550+00:00
NAGPUR REGION,NAGPUR ZONE,WARDHA CIRCLE,ARVI DIVISION,93,24745,00:45,23:15,61,10893,00:20,23:40,97,20930,00:38,23:22,95,15938,00:29,23:31,28,4355,00:28,23:32,2025-07-28 15:01:42.474044+00:00,2506,0.75,0.33,0.63,0.48,0.47,23.25,23.67,23.37,23.52,23.53,2025-07-28T15:01:42.747550+00:00
NAGPUR REGION,NAGPUR ZONE,WARDHA CIRCLE,HINGANGHAT DIVISION,39,5668,00:11,23:49,80,10626,00:21,23:39,61,8644,00:17,23:43,95,14382,00:29,23:31,32,5199,00:36,23:24,2025-07-28 15:01:42.474044+00:00,2506,0.18,0.35,0.28,0.48,0.6,23.82,23.65,23.72,23.52,23.4,2025-07-28T15:01:42.747550+00:00
NAGPUR REGION,NAGPUR ZONE,WARDHA CIRCLE,WARDHA DIVISION,55,5311,00:06,23:54,73,6065,00:07,23:53,76,7015,00:08,23:52,82,6519,00:07,23:53,19,1162,00:05,23:55,2025-07-28 15:01:42.474044+00:00,2506,0.1,0.12,0.13,0.12,0.08,23.9,23.88,23.87,23.88,23.92,2025-07-28T15:01:42.747550+00:00
PUNE REGION,BARAMATI ZONE,BARAMATI CIRCLE,BARAMATI DIVISION,117,7990,00:07,23:53,75,6602,00:06,23:54,68,7950,00:07,23:53,68,6245,00:06,23:54,4,400,00:01,23:59,2025-07-28 15:01:42.474044+00:00,2506,0.12,0.1,0.12,0.1,0.02,23.88,23.9,23.88,23.9,23.98,2025-07-28T15:01:42.747550+00:00
PUNE REGION,BARAMATI ZONE,BARAMATI CIRCLE,DOUND DIVISION,119,11853,00:10,23:50,185,18760,00:16,23:44,126,13884,00:12,23:48,110,11922,00:10,23:50,36,3344,00:10,23:50,2025-07-28 15:01:42.474044+00:00,2506,0.17,0.27,0.2,0.17,0.17,23.83,23.73,23.8,23.83,23.83,2025-07-28T15:01:42.747550+00:00
PUNE REGION,BARAMATI ZONE,BARAMATI CIRCLE,SASWAD DIVISION,83,8638,00:24,23:36,67,9550,00:27,23:33,63,8185,00:23,23:37,38,4702,00:13,23:47,9,1297,00:13,23:47,2025-07-28 15:01:42.474044+00:00,2506,0.4,0.45,0.38,0.22,0.22,23.6,23.55,23.62,23.78,23.78,2025-07-28T15:01:42.747550+00:00
PUNE REGION,BARAMATI ZONE,SATARA CIRCLE,KARAD DIVISION,102,12115,00:11,23:49,65,6047,00:06,23:54,80,10286,00:10,23:50,54,7599,00:07,23:53,10,610,00:02,23:58,2025-07-28 15:01:42.474044+00:00,2506,0.18,0.1,0.17,0.12,0.03,23.82,23.9,23.83,23.88,23.97,2025-07-28T15:01:42.747550+00:00
PUNE REGION,BARAMATI ZONE,SATARA CIRCLE,PHALTAN DIVISION,78,8133,00:11,23:49,104,15588,00:21,23:39,55,5430,00:07,23:53,58,6206,00:08,23:52,3,150,00:01,23:59,2025-07-28 15:01:42.474044+00:00,2506,0.18,0.35,0.12,0.13,0.02,23.82,23.65,23.88,23.87,23.98,2025-07-28T15:01:42.747550+00:00
PUNE REGION,BARAMATI ZONE,SATARA CIRCLE,SATARA DIVISION,52,4869,00:07,23:53,45,4918,00:07,23:53,40,4609,00:06,23:54,26,1958,00:03,23:57,8,602,00:03,23:57,2025-07-28 15:01:42.474044+00:00,2506,0.12,0.12,0.1,0.05,0.05,23.88,23.88,23.9,23.95,23.95,2025-07-28T15:01:42.747550+00:00
PUNE REGION,BARAMATI ZONE,SATARA CIRCLE,VADUJ DIVISION,83,7426,00:11,23:49,76,7149,00:10,23:50,58,3624,00:05,23:55,43,4043,00:06,23:54,10,1038,00:05,23:55,2025-07-28 15:01:42.474044+00:00,2506,0.18,0.17,0.08,0.1,0.08,23.82,23.83,23.92,23.9,23.92,2025-07-28T15:01:42.747550+00:00
PUNE REGION,BARAMATI ZONE,SATARA CIRCLE,WAI DIVISION,62,7998,00:21,23:39,45,2930,00:08,23:52,57,4061,00:11,23:49,22,1860,00:05,23:55,8,1019,00:09,23:51,2025-07-28 15:01:42.474044+00:00,2506,0.35,0.13,0.18,0.08,0.15,23.65,23.87,23.82,23.92,23.85,2025-07-28T15:01:42.747550+00:00
PUNE REGION,BARAMATI ZONE,SOLAPUR CIRCLE,AKLUJ O&M DIVISION,112,14676,00:30,23:30,110,13957,00:28,23:32,134,18107,00:37,23:23,116,19412,00:40,23:20,31,4505,00:32,23:28,2025-07-28 15:01:42.474044+00:00,2506,0.5,0.47,0.62,0.67,0.53,23.5,23.53,23.38,23.33,23.47,2025-07-28T15:01:42.747550+00:00
PUNE REGION,BARAMATI ZONE,SOLAPUR CIRCLE,BARSI DIVISION,169,15368,00:11,23:49,150,19718,00:15,23:45,112,17606,00:13,23:47,105,13613,00:10,23:50,30,3612,00:09,23:51,2025-07-28 15:01:42.474044+00:00,2506,0.18,0.25,0.22,0.17,0.15,23.82,23.75,23.78,23.83,23.85,2025-07-28T15:01:42.747550+00:00
PUNE REGION,BARAMATI ZONE,SOLAPUR CIRCLE,PANDHARPUR DIVISION,206,18399,00:17,23:43,161,17885,00:16,23:44,137,14846,00:14,23:46,119,8985,00:08,23:52,34,1892,00:06,23:54,2025-07-28 15:01:42.474044+00:00,2506,0.28,0.27,0.23,0.13,0.1,23.72,23.73,23.77,23.87,23.9,2025-07-28T15:01:42.747550+00:00
PUNE REGION,BARAMATI ZONE,SOLAPUR CIRCLE,SOLAPUR RURAL DIVISION,193,21640,00:16,23:44,163,20790,00:15,23:45,116,17085,00:13,23:47,104,14231,00:11,23:49,32,3732,00:10,23:50,2025-07-28 15:01:42.474044+00:00,2506,0.27,0.25,0.22,0.18,0.17,23.73,23.75,23.78,23.82,23.83,2025-07-28T15:01:42.747550+00:00
PUNE REGION,BARAMATI ZONE,SOLAPUR CIRCLE,SOLAPUR URBAN DIVISION,65,4449,00:07,23:53,34,3613,00:06,23:54,35,3489,00:06,23:54,26,3122,00:05,23:55,3,71,00:00,24:00,2025-07-28 15:01:42.474044+00:00,2506,0.12,0.1,0.1,0.08,0.0,23.88,23.9,23.9,23.92,24.0,2025-07-28T15:01:42.747550+00:00
PUNE REGION,KOLHAPUR ZONE,KOLHAPUR CIRCLE,GADHINGLAJ DIVISION,41,3804,00:07,23:53,16,1882,00:03,23:57,54,5517,00:10,23:50,54,5787,00:10,23:50,16,2747,00:17,23:43,2025-07-28 15:01:42.474044+00:00,2506,0.12,0.05,0.17,0.17,0.28,23.88,23.95,23.83,23.83,23.72,2025-07-28T15:01:42.747550+00:00
PUNE REGION,KOLHAPUR ZONE,KOLHAPUR CIRCLE,ICHALKARANJI DIVISION,38,3279,00:03,23:57,37,4420,00:05,23:55,34,4535,00:05,23:55,49,4372,00:04,23:56,14,1827,00:07,23:53,2025-07-28 15:01:42.474044+00:00,2506,0.05,0.08,0.08,0.07,0.12,23.95,23.92,23.92,23.93,23.88,2025-07-28T15:01:42.747550+00:00
PUNE REGION,KOLHAPUR ZONE,KOLHAPUR CIRCLE,JAYASINGPUR DIVISION,20,2502,00:02,23:58,32,4322,00:04,23:56,54,5139,00:05,23:55,38,4056,00:04,23:56,20,4345,00:15,23:45,2025-07-28 15:01:42.474044+00:00,2506,0.03,0.07,0.08,0.07,0.25,23.97,23.93,23.92,23.93,23.75,2025-07-28T15:01:42.747550+00:00
PUNE REGION,KOLHAPUR ZONE,KOLHAPUR CIRCLE,KOLHAPUR RURAL I DIVISION,68,6377,00:08,23:52,56,7247,00:09,23:51,84,9231,00:11,23:49,58,5809,00:07,23:53,26,3350,00:14,23:46,2025-07-28 15:01:42.474044+00:00,2506,0.13,0.15,0.18,0.12,0.23,23.87,23.85,23.82,23.88,23.77,2025-07-28T15:01:42.747550+00:00
PUNE REGION,KOLHAPUR ZONE,KOLHAPUR CIRCLE,KOLHAPUR RURAL II DIV.,66,10976,00:10,23:50,57,6024,00:05,23:55,68,7555,00:07,23:53,40,4635,00:04,23:56,25,3317,00:10,23:50,2025-07-28 15:01:42.474044+00:00,2506,0.17,0.08,0.12,0.07,0.17,23.83,23.92,23.88,23.93,23.83,2025-07-28T15:01:42.747550+00:00
PUNE REGION,KOLHAPUR ZONE,KOLHAPUR CIRCLE,KOLHAPUR URBAN DIVISION,32,3445,00:04,23:56,23,3147,00:04,23:56,25,2542,00:03,23:57,16,1609,00:02,23:58,3,196,00:01,23:59,2025-07-28 15:01:42.474044+00:00,2506,0.07,0.07,0.05,0.03,0.02,23.93,23.93,23.95,23.97,23.98,2025-07-28T15:01:42.747550+00:00
PUNE REGION,KOLHAPUR ZONE,SANGLI CIRCLE,ISLAMPUR DIVISION,89,9623,00:11,23:49,46,4842,00:05,23:55,58,7538,00:09,23:51,26,1686,00:02,23:58,6,569,00:02,23:58,2025-07-28 15:01:42.474044+00:00,2506,0.18,0.08,0.15,0.03,0.03,23.82,23.92,23.85,23.97,23.97,2025-07-28T15:01:42.747550+00:00
PUNE REGION,KOLHAPUR ZONE,SANGLI CIRCLE,KAVATHEMAHANKAL DIVISION,55,6041,00:09,23:51,37,3766,00:06,23:54,39,3195,00:05,23:55,18,1594,00:02,23:58,14,750,00:04,23:56,2025-07-28 15:01:42.474044+00:00,2506,0.15,0.1,0.08,0.03,0.07,23.85,23.9,23.92,23.97,23.93,2025-07-28T15:01:42.747550+00:00
PUNE REGION,KOLHAPUR ZONE,SANGLI CIRCLE,SANGLI RURAL DIVISION,108,10621,00:13,23:47,40,4440,00:06,23:54,40,4802,00:06,23:54,21,2388,00:03,23:57,5,255,00:01,23:59,2025-07-28 15:01:42.474044+00:00,2506,0.22,0.1,0.1,0.05,0.02,23.78,23.9,23.9,23.95,23.98,2025-07-28T15:01:42.747550+00:00
PUNE REGION,KOLHAPUR ZONE,SANGLI CIRCLE,SANGLI URBAN DIVISION,51,5779,00:07,23:53,22,1649,00:02,23:58,28,3922,00:05,23:55,23,1822,00:02,23:58,3,292,00:01,23:59,2025-07-28 15:01:42.474044+00:00,2506,0.12,0.03,0.08,0.03,0.02,23.88,23.97,23.92,23.97,23.98,2025-07-28T15:01:42.747550+00:00
PUNE REGION,KOLHAPUR ZONE,SANGLI CIRCLE,VITA DIVISION,84,6830,00:08,23:52,39,4044,00:05,23:55,48,6426,00:08,23:52,38,3950,00:05,23:55,8,900,00:04,23:56,2025-07-28 15:01:42.474044+00:00,2506,0.13,0.08,0.13,0.08,0.07,23.87,23.92,23.87,23.92,23.93,2025-07-28T15:01:42.747550+00:00
PUNE REGION,PUNE ZONE,GANESHKHIND (U) CIRCLE,BHOSARI DIVISION,39,3294,00:04,23:56,59,6191,00:07,23:53,41,6465,00:07,23:53,36,8056,00:09,23:51,7,1560,00:06,23:54,2025-07-28 15:01:42.474044+00:00,2506,0.07,0.12,0.12,0.15,0.1,23.93,23.88,23.88,23.85,23.9,2025-07-28T15:01:42.747550+00:00
PUNE REGION,PUNE ZONE,GANESHKHIND (U) CIRCLE,KOTHRUD DIVISION,17,817,00:01,23:59,7,452,00:01,23:59,10,306,00:01,23:59,2,57,00:00,24:00,1,60,00:00,24:00,2025-07-28 15:01:42.474044+00:00,2506,0.02,0.02,0.02,0.0,0.0,23.98,23.98,23.98,24.0,24.0,2025-07-28T15:01:42.747550+00:00
PUNE REGION,PUNE ZONE,GANESHKHIND (U) CIRCLE,PIMPRI DIVISION,21,751,00:01,23:59,9,888,00:01,23:59,11,1262,00:01,23:59,17,3980,00:04,23:56,3,120,00:00,24:00,2025-07-28 15:01:42.474044+00:00,2506,0.02,0.02,0.02,0.07,0.0,23.98,23.98,23.98,23.93,24.0,2025-07-28T15:01:42.747550+00:00
PUNE REGION,PUNE ZONE,GANESHKHIND (U) CIRCLE,SHIVAJI NAGAR DIVISION,17,1604,00:01,23:59,5,518,00:00,24:00,14,1621,00:01,23:59,10,1927,00:01,23:59,4,239,00:01,23:59,2025-07-28 15:01:42.474044+00:00,2506,0.02,0.0,0.02,0.02,0.02,23.98,24.0,23.98,23.98,23.98,2025-07-28T15:01:42.747550+00:00
PUNE REGION,PUNE ZONE,PUNE (R) CIRCLE,MANCHAR O&M DIVISION,46,2957,00:04,23:56,86,10132,00:14,23:46,84,6252,00:08,23:52,58,6021,00:08,23:52,10,642,00:03,23:57,2025-07-28 15:01:42.474044+00:00,2506,0.07,0.23,0.13,0.13,0.05,23.93,23.77,23.87,23.87,23.95,2025-07-28T15:01:42.747550+00:00
PUNE REGION,PUNE ZONE,PUNE (R) CIRCLE,PUNE DIVISION,225,35032,00:29,23:31,254,39925,00:33,23:27,271,51648,00:43,23:17,237,38662,00:32,23:28,53,6968,00:20,23:40,2025-07-28 15:01:42.474044+00:00,2506,0.48,0.55,0.72,0.53,0.33,23.52,23.45,23.28,23.47,23.67,2025-07-28T15:01:42.747550+00:00
PUNE REGION,PUNE ZONE,PUNE (R) CIRCLE,RAJGURUNAGAR DIVISION,175,11802,00:07,23:53,127,12192,00:07,23:53,129,11677,00:07,23:53,107,9233,00:06,23:54,31,2671,00:06,23:54,2025-07-28 15:01:42.474044+00:00,2506,0.12,0.12,0.12,0.1,0.1,23.88,23.88,23.88,23.9,23.9,2025-07-28T15:01:42.747550+00:00
PUNE REGION,PUNE ZONE,RASTAPETH (U) CIRCLE,BUNDGARDEN DIVISION,29,1333,00:01,23:59,36,3777,00:03,23:57,44,7981,00:06,23:54,11,937,00:01,23:59,3,135,00:00,24:00,2025-07-28 15:01:42.474044+00:00,2506,0.02,0.05,0.1,0.02,0.0,23.98,23.95,23.9,23.98,24.0,2025-07-28T15:01:42.747550+00:00
PUNE REGION,PUNE ZONE,RASTAPETH (U) CIRCLE,NAGAR ROAD DIVISION,31,1282,00:01,23:59,21,1846,00:01,23:59,2,60,00:00,24:00,6,538,00:00,24:00,0,0,00:00,24:00,2025-07-28 15:01:42.474044+00:00,2506,0.02,0.02,0.0,0.0,0.0,23.98,23.98,24.0,24.0,24.0,2025-07-28T15:01:42.747550+00:00
PUNE REGION,PUNE ZONE,RASTAPETH (U) CIRCLE,PADMAVATI DIVISION,14,1117,00:03,23:57,41,5288,00:13,23:47,26,2286,00:06,23:54,4,450,00:01,23:59,0,0,00:00,24:00,2025-07-28 15:01:42.474044+00:00,2506,0.05,0.22,0.1,0.02,0.0,23.95,23.78,23.9,23.98,24.0,2025-07-28T15:01:42.747550+00:00
PUNE REGION,PUNE ZONE,RASTAPETH (U) CIRCLE,PARVATI DIVISION,90,2889,00:04,23:56,34,5024,00:07,23:53,8,639,00:01,23:59,10,1033,00:01,23:59,2,52,00:00,24:00,2025-07-28 15:01:42.474044+00:00,2506,0.07,0.12,0.02,0.02,0.0,23.93,23.88,23.98,23.98,24.0,2025-07-28T15:01:42.747550+00:00
PUNE REGION,PUNE ZONE,RASTAPETH (U) CIRCLE,RASTAPETH DIVISION,22,8891,00:20,23:40,32,7713,00:18,23:42,11,2373,00:05,23:55,21,6602,00:15,23:45,2,287,00:02,23:58,2025-07-28 15:01:42.474044+00:00,2506,0.33,0.3,0.08,0.25,0.03,23.67,23.7,23.92,23.75,23.97,2025-07-28T15:01:42.747550+00:00
