region,zone,circle,division,week1_total_outages,week1_duration_mins,week1_outage_hrs_per_feeder_day,week1_supply_hrs_per_feeder_day,week2_total_outages,week2_duration_mins,week2_outage_hrs_per_feeder_day,week2_supply_hrs_per_feeder_day,week3_total_outages,week3_duration_mins,week3_outage_hrs_per_feeder_day,week3_supply_hrs_per_feeder_day,week4_total_outages,week4_duration_mins,week4_outage_hrs_per_feeder_day,week4_supply_hrs_per_feeder_day,week5_total_outages,week5_duration_mins,week5_outage_hrs_per_feeder_day,week5_supply_hrs_per_feeder_day,collected_at,week1_outage_hrs_per_feeder_day_decimal,week1_supply_hrs_per_feeder_day_decimal,week2_outage_hrs_per_feeder_day_decimal,week2_supply_hrs_per_feeder_day_decimal,week3_outage_hrs_per_feeder_day_decimal,week3_supply_hrs_per_feeder_day_decimal,week4_outage_hrs_per_feeder_day_decimal,week4_supply_hrs_per_feeder_day_decimal,week5_outage_hrs_per_feeder_day_decimal,week5_supply_hrs_per_feeder_day_decimal
CH. SAMBHAJINAGAR REGION,CH. SAMBHAJINAGAR ZONE,CH. SAMBHAJINAGAR (U) CIRCLE,CH. SAMBHAJINAGAR(U) I DIVISION,295,10988,00:10,23:50,52,9123,00:08,23:52,698,31357,00:29,23:31,752,21265,00:20,23:40,451,14076,00:30,23:30,2025-07-13 18:11:54.293107,0.17,23.83,0.13,23.87,0.48,23.52,0.33,23.67,0.5,23.5
CH. SAMBHAJINAGAR REGION,CH. SAMBHAJINAGAR ZONE,CH. SAMBHAJINAGAR (U) CIRCLE,CH. SAMBHAJINAGAR(U)II.DIVISION,204,11358,00:19,23:41,39,10848,00:18,23:42,468,22946,00:39,23:21,471,16357,00:28,23:32,196,5953,00:24,23:36,2025-07-13 18:11:54.293107,0.32,23.68,0.3,23.7,0.65,23.35,0.47,23.53,0.4,23.6
CH. SAMBHAJINAGAR REGION,CH. SAMBHAJINAGAR ZONE,CH. SAMBHAJINAGAR CIRCLE,CH. SAMBHAJINAGAR(R) I DIVN.,347,10479,00:09,23:51,17,3684,00:03,23:57,1177,70090,00:57,23:03,1261,55706,00:45,23:15,621,14582,00:28,23:32,2025-07-13 18:11:54.293107,0.15,23.85,0.05,23.95,0.95,23.05,0.75,23.25,0.47,23.53
CH. SAMBHAJINAGAR REGION,CH. SAMBHAJINAGAR ZONE,CH. SAMBHAJINAGAR CIRCLE,CH. SAMBHAJINAGAR(R) II DIVN.,200,4686,00:06,23:54,13,2355,00:03,23:57,749,48841,01:07,22:53,808,33087,00:45,23:15,308,12402,00:40,23:20,2025-07-13 18:11:54.293107,0.1,23.9,0.05,23.95,1.12,22.88,0.75,23.25,0.67,23.33
CH. SAMBHAJINAGAR REGION,CH. SAMBHAJINAGAR ZONE,CH. SAMBHAJINAGAR CIRCLE,KANNAD DIVISION,220,7397,00:09,23:51,35,7364,00:09,23:51,716,36328,00:42,23:18,959,30913,00:36,23:24,440,13176,00:36,23:24,2025-07-13 18:11:54.293107,0.15,23.85,0.15,23.85,0.7,23.3,0.6,23.4,0.6,23.4
CH. SAMBHAJINAGAR REGION,CH. SAMBHAJINAGAR ZONE,CH. SAMBHAJINAGAR CIRCLE,SILLOD DIVISION,185,5083,00:09,23:51,18,2469,00:04,23:56,610,37091,01:07,22:53,651,28150,00:51,23:09,287,9248,00:39,23:21,2025-07-13 18:11:54.293107,0.15,23.85,0.07,23.93,1.12,22.88,0.85,23.15,0.65,23.35
CH. SAMBHAJINAGAR REGION,CH. SAMBHAJINAGAR ZONE,JALNA CIRCLE,JALNA DIVISION I,499,13283,00:08,23:52,6,1174,00:01,23:59,1100,51855,00:30,23:30,1737,79490,00:46,23:14,858,31825,00:43,23:17,2025-07-13 18:11:54.293107,0.13,23.87,0.02,23.98,0.5,23.5,0.77,23.23,0.72,23.28
CH. SAMBHAJINAGAR REGION,CH. SAMBHAJINAGAR ZONE,JALNA CIRCLE,JALNA DIVISION II,135,4404,00:03,23:57,2,960,00:01,23:59,536,20824,00:14,23:46,758,32031,00:22,23:38,375,12604,00:20,23:40,2025-07-13 18:11:54.293107,0.05,23.95,0.02,23.98,0.23,23.77,0.37,23.63,0.33,23.67
CH. SAMBHAJINAGAR REGION,"LATUR ZONE, LATUR",BEED CIRCLE,AMBEJOGAI DIVISION,193,8471,00:06,23:54,18,4956,00:03,23:57,740,47667,00:32,23:28,900,36464,00:25,23:35,396,16303,00:26,23:34,2025-07-13 18:11:54.293107,0.1,23.9,0.05,23.95,0.53,23.47,0.42,23.58,0.43,23.57
CH. SAMBHAJINAGAR REGION,"LATUR ZONE, LATUR",BEED CIRCLE,BEED DIVISION,254,6140,00:03,23:57,15,1675,00:01,23:59,753,32991,00:18,23:42,1083,54291,00:30,23:30,448,18035,00:23,23:37,2025-07-13 18:11:54.293107,0.05,23.95,0.02,23.98,0.3,23.7,0.5,23.5,0.38,23.62
CH. SAMBHAJINAGAR REGION,"LATUR ZONE, LATUR",DHARASHIV CIRCLE,DHARASHIV DIVISION,171,5492,00:04,23:56,4,630,00:00,24:00,567,16821,00:13,23:47,775,34676,00:27,23:33,337,11864,00:22,23:38,2025-07-13 18:11:54.293107,0.07,23.93,0.0,24.0,0.22,23.78,0.45,23.55,0.37,23.63
CH. SAMBHAJINAGAR REGION,"LATUR ZONE, LATUR",DHARASHIV CIRCLE,TULJAPUR DIVISION,108,4087,00:05,23:55,2,225,00:00,24:00,382,16940,00:21,23:39,467,14346,00:18,23:42,193,5284,00:15,23:45,2025-07-13 18:11:54.293107,0.08,23.92,0.0,24.0,0.35,23.65,0.3,23.7,0.25,23.75
CH. SAMBHAJINAGAR REGION,"LATUR ZONE, LATUR",LATUR CIRCLE,LATUR DIVISION,164,10680,00:08,23:52,29,6756,00:05,23:55,591,27818,00:21,23:39,725,27362,00:21,23:39,248,7460,00:13,23:47,2025-07-13 18:11:54.293107,0.13,23.87,0.08,23.92,0.35,23.65,0.35,23.65,0.22,23.78
CH. SAMBHAJINAGAR REGION,"LATUR ZONE, LATUR",LATUR CIRCLE,NILANGA DIVISION,86,2169,00:03,23:57,3,570,00:01,23:59,322,14629,00:21,23:39,411,17530,00:25,23:35,151,6024,00:20,23:40,2025-07-13 18:11:54.293107,0.05,23.95,0.02,23.98,0.35,23.65,0.42,23.58,0.33,23.67
CH. SAMBHAJINAGAR REGION,"LATUR ZONE, LATUR",LATUR CIRCLE,UDGIR DIVISION,106,2311,00:02,23:58,6,2269,00:02,23:58,649,29495,00:32,23:28,801,29883,00:32,23:28,275,4306,00:11,23:49,2025-07-13 18:11:54.293107,0.03,23.97,0.03,23.97,0.53,23.47,0.53,23.47,0.18,23.82
CH. SAMBHAJINAGAR REGION,NANDED ZONE,HINGOLI CIRCLE,HINGOLI DIVISION,466,12507,00:10,23:50,5,975,00:01,23:59,1091,46650,00:37,23:23,1320,43620,00:35,23:25,653,19605,00:37,23:23,2025-07-13 18:11:54.293107,0.17,23.83,0.02,23.98,0.62,23.38,0.58,23.42,0.62,23.38
CH. SAMBHAJINAGAR REGION,NANDED ZONE,NANDED CIRCLE,BHOKAR DIVISION,76,6412,00:10,23:50,11,4440,00:07,23:53,258,9419,00:15,23:45,385,9148,00:14,23:46,171,5127,00:19,23:41,2025-07-13 18:11:54.293107,0.17,23.83,0.12,23.88,0.25,23.75,0.23,23.77,0.32,23.68
CH. SAMBHAJINAGAR REGION,NANDED ZONE,NANDED CIRCLE,DEGLOOR DIVISION,145,5934,00:09,23:51,3,320,00:00,24:00,290,11051,00:16,23:44,399,12427,00:18,23:42,200,4794,00:17,23:43,2025-07-13 18:11:54.293107,0.15,23.85,0.0,24.0,0.27,23.73,0.3,23.7,0.28,23.72
CH. SAMBHAJINAGAR REGION,NANDED ZONE,NANDED CIRCLE,NANDED DIVISION,490,33096,00:40,23:20,68,5141,00:06,23:54,1375,58980,01:12,22:48,1265,45254,00:55,23:05,496,14653,00:42,23:18,2025-07-13 18:11:54.293107,0.67,23.33,0.1,23.9,1.2,22.8,0.92,23.08,0.7,23.3
CH. SAMBHAJINAGAR REGION,NANDED ZONE,NANDED CIRCLE,NANDED RURAL DIVISION,94,3728,00:08,23:52,1,297,00:01,23:59,295,12292,00:27,23:33,336,10144,00:22,23:38,196,4253,00:21,23:39,2025-07-13 18:11:54.293107,0.13,23.87,0.02,23.98,0.45,23.55,0.37,23.63,0.35,23.65
CH. SAMBHAJINAGAR REGION,NANDED ZONE,PARBHANI CIRCLE,PARBHANI DIVISION - I,363,15460,00:17,23:43,1,240,00:00,24:00,1094,56224,01:01,22:59,1360,50919,00:56,23:04,570,20892,00:53,23:07,2025-07-13 18:11:54.293107,0.28,23.72,0.0,24.0,1.02,22.98,0.93,23.07,0.88,23.12
CH. SAMBHAJINAGAR REGION,NANDED ZONE,PARBHANI CIRCLE,PARBHANI DIVISION - II,334,6560,00:06,23:54,37,2179,00:02,23:58,859,30809,00:29,23:31,1069,40544,00:39,23:21,457,12525,00:28,23:32,2025-07-13 18:11:54.293107,0.1,23.9,0.03,23.97,0.48,23.52,0.65,23.35,0.47,23.53
KOKAN REGION,BHANDUP (U) ZONE,BHIWANDI AUXILLARY CIRCLE,BHIWANDI AUXILLARY DIVISION,0,0,00:00,24:00,0,0,00:00,24:00,0,0,00:00,24:00,0,0,00:00,24:00,0,0,00:00,24:00,2025-07-13 18:11:54.293107,0.0,24.0,0.0,24.0,0.0,24.0,0.0,24.0,0.0,24.0
KOKAN REGION,BHANDUP (U) ZONE,BHIWANDI CIRCLE,BHIWANDI URBAN I DIVISION,0,0,00:00,24:00,0,0,00:00,24:00,0,0,00:00,24:00,0,0,00:00,24:00,0,0,00:00,24:00,2025-07-13 18:11:54.293107,0.0,24.0,0.0,24.0,0.0,24.0,0.0,24.0,0.0,24.0
KOKAN REGION,BHANDUP (U) ZONE,BHIWANDI CIRCLE,BHIWANDI URBAN II DIV.,0,0,00:00,24:00,0,0,00:00,24:00,0,0,00:00,24:00,0,0,00:00,24:00,0,0,00:00,24:00,2025-07-13 18:11:54.293107,0.0,24.0,0.0,24.0,0.0,24.0,0.0,24.0,0.0,24.0
KOKAN REGION,BHANDUP (U) ZONE,PEN CIRCLE,ALIBAG DIVISION,501,21605,00:57,23:03,529,20000,00:53,23:07,362,8979,00:24,23:36,268,11443,00:30,23:30,303,9858,01:01,22:59,2025-07-13 18:11:54.293107,0.95,23.05,0.88,23.12,0.4,23.6,0.5,23.5,1.02,22.98
KOKAN REGION,BHANDUP (U) ZONE,PEN CIRCLE,GOREGAON DIVISION,368,13091,00:26,23:34,512,19337,00:38,23:22,386,14809,00:29,23:31,185,5608,00:11,23:49,183,5803,00:26,23:34,2025-07-13 18:11:54.293107,0.43,23.57,0.63,23.37,0.48,23.52,0.18,23.82,0.43,23.57
KOKAN REGION,BHANDUP (U) ZONE,PEN CIRCLE,PANVEL RURAL DIVISION,650,23682,00:27,23:33,626,19761,00:23,23:37,413,12895,00:15,23:45,263,10127,00:12,23:48,310,11182,00:30,23:30,2025-07-13 18:11:54.293107,0.45,23.55,0.38,23.62,0.25,23.75,0.2,23.8,0.5,23.5
KOKAN REGION,BHANDUP (U) ZONE,PEN CIRCLE,ROHA DIVISION,401,22311,00:43,23:17,589,24745,00:48,23:12,449,12752,00:25,23:35,217,6797,00:13,23:47,250,9057,00:41,23:19,2025-07-13 18:11:54.293107,0.72,23.28,0.8,23.2,0.42,23.58,0.22,23.78,0.68,23.32
KOKAN REGION,BHANDUP (U) ZONE,THANE (U) CIRCLE,BHANDUP URBAN DIVISION,67,1778,00:02,23:58,126,5490,00:06,23:54,22,369,00:00,24:00,28,2472,00:03,23:57,31,500,00:01,23:59,2025-07-13 18:11:54.293107,0.03,23.97,0.1,23.9,0.0,24.0,0.05,23.95,0.02,23.98
KOKAN REGION,BHANDUP (U) ZONE,THANE (U) CIRCLE,MULUND DIVISION,85,1214,00:02,23:58,49,1191,00:02,23:58,76,2538,00:04,23:56,19,1758,00:03,23:57,50,1419,00:05,23:55,2025-07-13 18:11:54.293107,0.03,23.97,0.03,23.97,0.07,23.93,0.05,23.95,0.08,23.92
KOKAN REGION,BHANDUP (U) ZONE,THANE (U) CIRCLE,THANE DIVISION - I,54,1440,00:03,23:57,43,765,00:02,23:58,48,1037,00:02,23:58,13,273,00:01,23:59,23,301,00:01,23:59,2025-07-13 18:11:54.293107,0.05,23.95,0.03,23.97,0.03,23.97,0.02,23.98,0.02,23.98
KOKAN REGION,BHANDUP (U) ZONE,THANE (U) CIRCLE,THANE DIVISION-II,47,908,00:02,23:58,20,398,00:01,23:59,74,1245,00:02,23:58,16,498,00:01,23:59,10,477,00:02,23:58,2025-07-13 18:11:54.293107,0.03,23.97,0.02,23.98,0.03,23.97,0.02,23.98,0.03,23.97
KOKAN REGION,BHANDUP (U) ZONE,THANE (U) CIRCLE,WAGLE ESTATE DIVISION,168,3936,00:03,23:57,202,3810,00:03,23:57,141,5515,00:04,23:56,83,2497,00:02,23:58,31,732,00:01,23:59,2025-07-13 18:11:54.293107,0.05,23.95,0.05,23.95,0.07,23.93,0.03,23.97,0.02,23.98
KOKAN REGION,BHANDUP (U) ZONE,THANE DF CIRCLE,THANE DF DIVISION,0,0,00:00,24:00,0,0,00:00,24:00,0,0,00:00,24:00,0,0,00:00,24:00,0,0,00:00,24:00,2025-07-13 18:11:54.293107,0.0,24.0,0.0,24.0,0.0,24.0,0.0,24.0,0.0,24.0
KOKAN REGION,BHANDUP (U) ZONE,WASHI CIRCLE,NERUL O&M DIVISION,99,2127,00:01,23:59,73,4171,00:03,23:57,77,1305,00:01,23:59,37,698,00:00,24:00,46,3539,00:05,23:55,2025-07-13 18:11:54.293107,0.02,23.98,0.05,23.95,0.02,23.98,0.0,24.0,0.08,23.92
KOKAN REGION,BHANDUP (U) ZONE,WASHI CIRCLE,PANVEL URBAN DIVISION,440,19180,00:08,23:52,429,12566,00:05,23:55,339,11757,00:05,23:55,202,6638,00:03,23:57,159,6556,00:07,23:53,2025-07-13 18:11:54.293107,0.13,23.87,0.08,23.92,0.08,23.92,0.05,23.95,0.12,23.88
KOKAN REGION,BHANDUP (U) ZONE,WASHI CIRCLE,WASHI DIVISION,253,12133,00:07,23:53,144,3984,00:02,23:58,157,6159,00:04,23:56,63,3492,00:02,23:58,76,4333,00:06,23:54,2025-07-13 18:11:54.293107,0.12,23.88,0.03,23.97,0.07,23.93,0.03,23.97,0.1,23.9
KOKAN REGION,JALGAON ZONE,DHULE CIRCLE,DHULE RURAL DIVISION,258,8739,00:11,23:49,302,12177,00:16,23:44,404,33178,00:43,23:17,368,15570,00:20,23:40,179,4636,00:14,23:46,2025-07-13 18:11:54.293107,0.18,23.82,0.27,23.73,0.72,23.28,0.33,23.67,0.23,23.77
KOKAN REGION,JALGAON ZONE,DHULE CIRCLE,DHULE URBAN DIVISION,647,18186,00:20,23:40,650,19752,00:22,23:38,955,42771,00:47,23:13,961,35533,00:39,23:21,427,10302,00:27,23:33,2025-07-13 18:11:54.293107,0.33,23.67,0.37,23.63,0.78,23.22,0.65,23.35,0.45,23.55
KOKAN REGION,JALGAON ZONE,DHULE CIRCLE,DONDAICHA DIVISION,405,13319,00:20,23:40,400,11901,00:18,23:42,496,26640,00:40,23:20,592,20909,00:31,23:29,237,10501,00:36,23:24,2025-07-13 18:11:54.293107,0.33,23.67,0.3,23.7,0.67,23.33,0.52,23.48,0.6,23.4
KOKAN REGION,JALGAON ZONE,JALGAON CIRCLE,BHUSAWAL DIVISION,466,27281,00:38,23:22,459,9355,00:13,23:47,531,20694,00:29,23:31,550,20431,00:29,23:31,235,6407,00:21,23:39,2025-07-13 18:11:54.293107,0.63,23.37,0.22,23.78,0.48,23.52,0.48,23.52,0.35,23.65
KOKAN REGION,JALGAON ZONE,JALGAON CIRCLE,CHALISGAON DIVISION,188,5076,00:12,23:48,164,3104,00:07,23:53,207,6632,00:15,23:45,202,9928,00:23,23:37,65,995,00:05,23:55,2025-07-13 18:11:54.293107,0.2,23.8,0.12,23.88,0.25,23.75,0.38,23.62,0.08,23.92
KOKAN REGION,JALGAON ZONE,JALGAON CIRCLE,DHARANGAON DIVISION,866,40343,00:41,23:19,752,27963,00:29,23:31,962,42334,00:43,23:17,993,44660,00:46,23:14,482,15141,00:36,23:24,2025-07-13 18:11:54.293107,0.68,23.32,0.48,23.52,0.72,23.28,0.77,23.23,0.6,23.4
KOKAN REGION,JALGAON ZONE,JALGAON CIRCLE,JALGAON URBAN DIVISION,608,32033,00:43,23:17,594,22716,00:31,23:29,680,38397,00:52,23:08,707,23489,00:32,23:28,324,12107,00:38,23:22,2025-07-13 18:11:54.293107,0.72,23.28,0.52,23.48,0.87,23.13,0.53,23.47,0.63,23.37
KOKAN REGION,JALGAON ZONE,JALGAON CIRCLE,MUKTAINAGAR DIVISION,349,12980,00:34,23:26,273,6359,00:17,23:43,355,14942,00:39,23:21,373,14423,00:37,23:23,207,5745,00:35,23:25,2025-07-13 18:11:54.293107,0.57,23.43,0.28,23.72,0.65,23.35,0.62,23.38,0.58,23.42
KOKAN REGION,JALGAON ZONE,JALGAON CIRCLE,PACHORA DIVISION,592,21149,00:30,23:30,551,17016,00:24,23:36,700,29560,00:42,23:18,669,24923,00:35,23:25,364,8960,00:30,23:30,2025-07-13 18:11:54.293107,0.5,23.5,0.4,23.6,0.7,23.3,0.58,23.42,0.5,23.5
KOKAN REGION,JALGAON ZONE,JALGAON CIRCLE,SAVADA DIVISION,442,20904,00:32,23:28,316,15974,00:25,23:35,287,17096,00:27,23:33,469,14067,00:22,23:38,211,11768,00:43,23:17,2025-07-13 18:11:54.293107,0.53,23.47,0.42,23.58,0.45,23.55,0.37,23.63,0.72,23.28
KOKAN REGION,JALGAON ZONE,NANDURBAR CIRCLE,NANDURBAR (O&M) DIVISION,441,23863,00:39,23:21,427,20403,00:34,23:26,511,24139,00:40,23:20,519,17642,00:29,23:31,218,7483,00:29,23:31,2025-07-13 18:11:54.293107,0.65,23.35,0.57,23.43,0.67,23.33,0.48,23.52,0.48,23.52
KOKAN REGION,JALGAON ZONE,NANDURBAR CIRCLE,SHAHADA DIVISION,385,12314,00:15,23:45,528,17941,00:22,23:38,674,39830,00:48,23:12,745,35308,00:43,23:17,400,12197,00:34,23:26,2025-07-13 18:11:54.293107,0.25,23.75,0.37,23.63,0.8,23.2,0.72,23.28,0.57,23.43
KOKAN REGION,KALYAN ZONE,KALYAN CIRCLE - I,DOMBIVALI URBAN DIVISION,69,2768,00:13,23:47,40,1310,00:06,23:54,27,917,00:04,23:56,19,1160,00:06,23:54,18,442,00:05,23:55,2025-07-13 18:11:54.293107,0.22,23.78,0.1,23.9,0.07,23.93,0.1,23.9,0.08,23.92
KOKAN REGION,KALYAN ZONE,KALYAN CIRCLE - I,KALYAN (EAST) DIVISION,269,14810,00:18,23:42,185,7762,00:10,23:50,171,7978,00:10,23:50,118,9866,00:12,23:48,83,3959,00:11,23:49,2025-07-13 18:11:54.293107,0.3,23.7,0.17,23.83,0.17,23.83,0.2,23.8,0.18,23.82
KOKAN REGION,KALYAN ZONE,KALYAN CIRCLE - I,KALYAN URBAN DIVISION,245,9102,00:30,23:30,173,4364,00:14,23:46,156,3530,00:11,23:49,65,2113,00:07,23:53,57,2913,00:22,23:38,2025-07-13 18:11:54.293107,0.5,23.5,0.23,23.77,0.18,23.82,0.12,23.88,0.37,23.63
KOKAN REGION,KALYAN ZONE,KALYAN CIRCLE - II,BADLAPUR DIVISION,428,21712,00:51,23:09,426,15429,00:36,23:24,333,13374,00:31,23:29,250,9885,00:23,23:37,169,5913,00:32,23:28,2025-07-13 18:11:54.293107,0.85,23.15,0.6,23.4,0.52,23.48,0.38,23.62,0.53,23.47
KOKAN REGION,KALYAN ZONE,KALYAN CIRCLE - II,KALYAN RURAL DIVISION,364,15740,00:35,23:25,326,13585,00:30,23:30,286,12554,00:28,23:32,202,9505,00:21,23:39,211,11230,00:58,23:02,2025-07-13 18:11:54.293107,0.58,23.42,0.5,23.5,0.47,23.53,0.35,23.65,0.97,23.03
KOKAN REGION,KALYAN ZONE,KALYAN CIRCLE - II,ULHASNAGAR DIVISION I,68,4696,00:42,23:18,37,1571,00:14,23:46,37,1888,00:17,23:43,27,2657,00:24,23:36,23,1380,00:29,23:31,2025-07-13 18:11:54.293107,0.7,23.3,0.23,23.77,0.28,23.72,0.4,23.6,0.48,23.52
KOKAN REGION,KALYAN ZONE,KALYAN CIRCLE - II,ULHASNAGAR DIVISION II,157,6148,00:16,23:44,107,5416,00:14,23:46,117,6549,00:17,23:43,42,2244,00:06,23:54,57,2955,00:18,23:42,2025-07-13 18:11:54.293107,0.27,23.73,0.23,23.77,0.28,23.72,0.1,23.9,0.3,23.7
KOKAN REGION,KALYAN ZONE,PALGHAR (MINI) CIRCLE,PALGHAR DIVISION,2181,117094,01:01,22:59,1851,63526,00:33,23:27,1097,39952,00:21,23:39,698,45400,00:24,23:36,800,35717,00:43,23:17,2025-07-13 18:11:54.293107,1.02,22.98,0.55,23.45,0.35,23.65,0.4,23.6,0.72,23.28
KOKAN REGION,KALYAN ZONE,VASAI CIRCLE,VASAI DIVISION,938,53264,00:59,23:01,789,31742,00:35,23:25,567,25217,00:28,23:32,286,18082,00:20,23:40,286,10793,00:28,23:32,2025-07-13 18:11:54.293107,0.98,23.02,0.58,23.42,0.47,23.53,0.33,23.67,0.47,23.53
KOKAN REGION,KALYAN ZONE,VASAI CIRCLE,VIRAR O AND M DIVISION,509,24641,01:04,22:56,406,16716,00:43,23:17,287,14515,00:38,23:22,241,11897,00:31,23:29,141,6517,00:39,23:21,2025-07-13 18:11:54.293107,1.07,22.93,0.72,23.28,0.63,23.37,0.52,23.48,0.65,23.35
KOKAN REGION,"KOKAN ZONE,RATNAGIRI",RATNAGIRI CIRCLE,CHIPLUN DIVISION,390,14402,00:29,23:31,513,13248,00:27,23:33,433,18075,00:37,23:23,219,5704,00:12,23:48,212,3709,00:18,23:42,2025-07-13 18:11:54.293107,0.48,23.52,0.45,23.55,0.62,23.38,0.2,23.8,0.3,23.7
KOKAN REGION,"KOKAN ZONE,RATNAGIRI",RATNAGIRI CIRCLE,KHED DIVISION,198,8552,00:17,23:43,342,13165,00:25,23:35,307,7639,00:15,23:45,254,7312,00:14,23:46,129,3126,00:14,23:46,2025-07-13 18:11:54.293107,0.28,23.72,0.42,23.58,0.25,23.75,0.23,23.77,0.23,23.77
KOKAN REGION,"KOKAN ZONE,RATNAGIRI",RATNAGIRI CIRCLE,RATNAGARI DIVISION,507,24940,00:29,23:31,894,24780,00:29,23:31,815,31126,00:36,23:24,477,13482,00:16,23:44,267,6550,00:18,23:42,2025-07-13 18:11:54.293107,0.48,23.52,0.48,23.52,0.6,23.4,0.27,23.73,0.3,23.7
KOKAN REGION,"KOKAN ZONE,RATNAGIRI",SINDUDURG CIRCLE,KANKAVALI DIVISION,362,18122,00:31,23:29,446,13005,00:22,23:38,391,15310,00:26,23:34,350,14162,00:24,23:36,164,4457,00:18,23:42,2025-07-13 18:11:54.293107,0.52,23.48,0.37,23.63,0.43,23.57,0.4,23.6,0.3,23.7
KOKAN REGION,"KOKAN ZONE,RATNAGIRI",SINDUDURG CIRCLE,KUDAL DIVISION,406,16969,00:30,23:30,494,20752,00:36,23:24,419,21701,00:38,23:22,344,16724,00:29,23:31,304,6629,00:27,23:33,2025-07-13 18:11:54.293107,0.5,23.5,0.6,23.4,0.63,23.37,0.48,23.52,0.45,23.55
KOKAN REGION,NASIK ZONE,AHILYANAGAR CIRCLE,AHILYANAGAR RURAL DIVISION,570,21833,00:28,23:32,534,32830,00:42,23:18,942,57159,01:13,22:47,933,52011,01:06,22:54,326,18519,00:55,23:05,2025-07-13 18:11:54.293107,0.47,23.53,0.7,23.3,1.22,22.78,1.1,22.9,0.92,23.08
KOKAN REGION,NASIK ZONE,AHILYANAGAR CIRCLE,AHILYANAGAR URBAN DIVISION,856,28753,00:19,23:41,844,39847,00:26,23:34,1637,70577,00:47,23:13,1939,91857,01:01,22:59,735,24682,00:38,23:22,2025-07-13 18:11:54.293107,0.32,23.68,0.43,23.57,0.78,23.22,1.02,22.98,0.63,23.37
KOKAN REGION,NASIK ZONE,AHILYANAGAR CIRCLE,KARJAT (R) DIVISION,405,11731,00:13,23:47,392,18312,00:21,23:39,735,36440,00:41,23:19,834,53166,00:60,23:00,231,6882,00:18,23:42,2025-07-13 18:11:54.293107,0.22,23.78,0.35,23.65,0.68,23.32,1.0,23.0,0.3,23.7
KOKAN REGION,NASIK ZONE,AHILYANAGAR CIRCLE,SANGEMNER DIVISION,964,31148,00:26,23:34,844,30800,00:26,23:34,1342,59039,00:50,23:10,1629,69709,00:59,23:01,632,19561,00:39,23:21,2025-07-13 18:11:54.293107,0.43,23.57,0.43,23.57,0.83,23.17,0.98,23.02,0.65,23.35
KOKAN REGION,NASIK ZONE,AHILYANAGAR CIRCLE,SHRIRAMPUR RURAL DIVISION,563,25975,00:30,23:30,418,25714,00:30,23:30,694,33542,00:39,23:21,984,54154,01:03,22:57,371,13056,00:36,23:24,2025-07-13 18:11:54.293107,0.5,23.5,0.5,23.5,0.65,23.35,1.05,22.95,0.6,23.4
KOKAN REGION,NASIK ZONE,MALEGAON CIRCLE,KALWAN DIVISION,62,2537,00:10,23:50,76,4179,00:16,23:44,136,7460,00:28,23:32,121,3874,00:15,23:45,55,5187,00:46,23:15,2025-07-13 18:11:54.293107,0.17,23.83,0.27,23.73,0.47,23.53,0.25,23.75,0.77,23.25
KOKAN REGION,NASIK ZONE,MALEGAON CIRCLE,MALEGAON URBAN DIVISION,115,2693,00:06,23:54,102,5863,00:13,23:47,202,15485,00:34,23:26,140,7709,00:17,23:43,58,1385,00:07,23:53,2025-07-13 18:11:54.293107,0.1,23.9,0.22,23.78,0.57,23.43,0.28,23.72,0.12,23.88
KOKAN REGION,NASIK ZONE,MALEGAON CIRCLE,MANMAD RURAL DIVISION,358,13085,00:26,23:34,427,22764,00:45,23:15,538,28445,00:56,23:04,510,20672,00:40,23:20,237,8575,00:39,23:21,2025-07-13 18:11:54.293107,0.43,23.57,0.75,23.25,0.93,23.07,0.67,23.33,0.65,23.35
KOKAN REGION,NASIK ZONE,MALEGAON CIRCLE,SATANA DIVISION,66,1435,00:05,23:55,93,3125,00:12,23:48,113,7524,00:28,23:32,101,5122,00:19,23:41,98,2732,00:24,23:36,2025-07-13 18:11:54.293107,0.08,23.92,0.2,23.8,0.47,23.53,0.32,23.68,0.4,23.6
KOKAN REGION,NASIK ZONE,MALEGAON DF CIRCLE,MALEGAON DF DIVISION,26,1422,00:03,23:57,25,824,00:02,23:58,38,1557,00:03,23:57,46,2518,00:05,23:55,14,1098,00:05,23:55,2025-07-13 18:11:54.293107,0.05,23.95,0.03,23.97,0.05,23.95,0.08,23.92,0.08,23.92
KOKAN REGION,NASIK ZONE,NASHIK CIRCLE,CHANDWAD DIVISION,394,18396,00:27,23:33,462,14882,00:22,23:38,519,25585,00:38,23:22,540,23007,00:34,23:26,232,8967,00:31,23:29,2025-07-13 18:11:54.293107,0.45,23.55,0.37,23.63,0.63,23.37,0.57,23.43,0.52,23.48
KOKAN REGION,NASIK ZONE,NASHIK CIRCLE,NASIK RURAL DIVISION,527,35095,00:23,23:37,719,34888,00:23,23:37,881,44072,00:29,23:31,983,57091,00:38,23:22,408,15107,00:23,23:37,2025-07-13 18:11:54.293107,0.38,23.62,0.38,23.62,0.48,23.52,0.63,23.37,0.38,23.62
KOKAN REGION,NASIK ZONE,NASHIK CIRCLE,NASIK URBAN DN. I,708,42190,00:35,23:25,939,37929,00:31,23:29,661,24029,00:20,23:40,691,25204,00:21,23:39,294,9076,00:17,23:43,2025-07-13 18:11:54.293107,0.58,23.42,0.52,23.48,0.33,23.67,0.35,23.65,0.28,23.72
KOKAN REGION,NASIK ZONE,NASHIK CIRCLE,NASIK URBAN DN. II,896,49830,00:39,23:21,1192,57831,00:46,23:14,1040,47644,00:38,23:22,1099,40974,00:32,23:28,436,17836,00:33,23:27,2025-07-13 18:11:54.293107,0.65,23.35,0.77,23.23,0.63,23.37,0.53,23.47,0.55,23.45
NAGPUR REGION,AKOLA ZONE,AKOLA CIRCLE,AKOLA RURAL DIVISION,36,4545,00:05,23:55,30,5323,00:06,23:54,649,36758,00:38,23:22,900,46396,00:48,23:12,307,9757,00:24,23:36,2025-07-13 18:11:54.293107,0.08,23.92,0.1,23.9,0.63,23.37,0.8,23.2,0.4,23.6
NAGPUR REGION,AKOLA ZONE,AKOLA CIRCLE,AKOLA URBAN DIVISION,29,5892,00:06,23:54,36,6800,00:07,23:53,393,21039,00:22,23:38,419,24096,00:25,23:35,189,3871,00:09,23:51,2025-07-13 18:11:54.293107,0.1,23.9,0.12,23.88,0.37,23.63,0.42,23.58,0.15,23.85
NAGPUR REGION,AKOLA ZONE,AKOLA CIRCLE,AKOT DIVISION,1,360,00:01,23:59,11,2699,00:05,23:55,404,21221,00:37,23:23,505,18464,00:32,23:28,128,2637,00:11,23:49,2025-07-13 18:11:54.293107,0.02,23.98,0.08,23.92,0.62,23.38,0.53,23.47,0.18,23.82
NAGPUR REGION,AKOLA ZONE,BULDHANA CIRCLE,BULDHANA DIVISION,12,3794,00:06,23:54,4,711,00:01,23:59,518,26320,00:44,23:16,519,23019,00:39,23:21,135,5399,00:21,23:39,2025-07-13 18:11:54.293107,0.1,23.9,0.02,23.98,0.73,23.27,0.65,23.35,0.35,23.65
NAGPUR REGION,AKOLA ZONE,BULDHANA CIRCLE,KHAMGAON CONSTRUCTION DIV,43,8755,00:15,23:45,23,4567,00:08,23:52,298,16446,00:28,23:32,390,16762,00:29,23:31,98,3423,00:14,23:46,2025-07-13 18:11:54.293107,0.25,23.75,0.13,23.87,0.47,23.53,0.48,23.52,0.23,23.77
NAGPUR REGION,AKOLA ZONE,BULDHANA CIRCLE,MALKAPUR DIVISION,8,2061,00:03,23:57,13,2843,00:04,23:56,493,30933,00:44,23:16,553,19835,00:28,23:32,193,4389,00:14,23:46,2025-07-13 18:11:54.293107,0.05,23.95,0.07,23.93,0.73,23.27,0.47,23.53,0.23,23.77
NAGPUR REGION,AKOLA ZONE,BULDHANA CIRCLE,MEHKAR DIVISION,5,561,00:01,23:59,8,2626,00:04,23:56,711,38544,00:56,23:04,958,39455,00:58,23:02,287,8841,00:30,23:30,2025-07-13 18:11:54.293107,0.02,23.98,0.07,23.93,0.93,23.07,0.97,23.03,0.5,23.5
NAGPUR REGION,AKOLA ZONE,WASHIM CIRCLE,WASHIM DIVISION,15,1467,00:01,23:59,12,1456,00:01,23:59,1354,74962,00:50,23:10,1858,78506,00:53,23:07,597,17075,00:27,23:33,2025-07-13 18:11:54.293107,0.02,23.98,0.02,23.98,0.83,23.17,0.88,23.12,0.45,23.55
NAGPUR REGION,AMARAVATI ZONE,AMARAVATI CIRCLE,ACHALPUR DIVISION,21,3786,00:04,23:56,10,2985,00:03,23:57,813,44323,00:44,23:16,931,45043,00:44,23:16,321,9442,00:22,23:38,2025-07-13 18:11:54.293107,0.07,23.93,0.05,23.95,0.73,23.27,0.73,23.27,0.37,23.63
NAGPUR REGION,AMARAVATI ZONE,AMARAVATI CIRCLE,AMARAVATI CONSTRUCTION DN,36,4997,00:04,23:56,23,3964,00:03,23:57,1176,71019,01:02,22:58,1367,75383,01:06,22:54,555,23143,00:47,23:13,2025-07-13 18:11:54.293107,0.07,23.93,0.05,23.95,1.03,22.97,1.1,22.9,0.78,23.22
NAGPUR REGION,AMARAVATI ZONE,AMARAVATI CIRCLE,AMARAVATI URBAN DIVISION,17,2246,00:03,23:57,19,2907,00:04,23:56,707,31015,00:41,23:19,658,27202,00:36,23:24,320,13894,00:43,23:17,2025-07-13 18:11:54.293107,0.05,23.95,0.07,23.93,0.68,23.32,0.6,23.4,0.72,23.28
NAGPUR REGION,AMARAVATI ZONE,AMARAVATI CIRCLE,MORSHI DIVISION,3,229,00:00,24:00,26,5004,00:08,23:52,654,29838,00:50,23:10,661,38001,01:04,22:56,285,15046,00:59,23:01,2025-07-13 18:11:54.293107,0.0,24.0,0.13,23.87,0.83,23.17,1.07,22.93,0.98,23.02
NAGPUR REGION,AMARAVATI ZONE,YAVATMAL CIRCLE,DARVHA DIVISION,3,792,00:02,23:58,9,3242,00:06,23:54,430,18232,00:36,23:24,543,23829,00:47,23:13,206,7188,00:33,23:27,2025-07-13 18:11:54.293107,0.03,23.97,0.1,23.9,0.6,23.4,0.78,23.22,0.55,23.45
NAGPUR REGION,AMARAVATI ZONE,YAVATMAL CIRCLE,PANDHARKAWADA DN.,13,2619,00:03,23:57,35,5249,00:06,23:54,357,18688,00:21,23:39,602,22813,00:26,23:34,178,11550,00:31,23:29,2025-07-13 18:11:54.293107,0.05,23.95,0.1,23.9,0.35,23.65,0.43,23.57,0.52,23.48
NAGPUR REGION,AMARAVATI ZONE,YAVATMAL CIRCLE,PUSAD DIVISION,5,465,00:01,23:59,3,494,00:01,23:59,358,14004,00:21,23:39,427,10439,00:16,23:44,175,5259,00:18,23:42,2025-07-13 18:11:54.293107,0.02,23.98,0.02,23.98,0.35,23.65,0.27,23.73,0.3,23.7
NAGPUR REGION,AMARAVATI ZONE,YAVATMAL CIRCLE,YAVATMAL DIVISION,12,2353,00:03,23:57,11,1323,00:02,23:58,395,13116,00:19,23:41,518,16398,00:24,23:36,199,7966,00:27,23:33,2025-07-13 18:11:54.293107,0.05,23.95,0.03,23.97,0.32,23.68,0.4,23.6,0.45,23.55
NAGPUR REGION,CHANDRAPUR ZONE,CHANDRAPUR CIRCLE,BALLARSHAH DIVISION,241,16176,00:19,23:41,112,5856,00:07,23:53,160,10473,00:12,23:48,194,21102,00:25,23:35,83,3200,00:09,23:51,2025-07-13 18:11:54.293107,0.32,23.68,0.12,23.88,0.2,23.8,0.42,23.58,0.15,23.85
NAGPUR REGION,CHANDRAPUR ZONE,CHANDRAPUR CIRCLE,CHANDRAPUR DIVISION,303,30377,00:25,23:35,120,14916,00:12,23:48,191,21665,00:18,23:42,146,13683,00:11,23:49,41,1232,00:02,23:58,2025-07-13 18:11:54.293107,0.42,23.58,0.2,23.8,0.3,23.7,0.18,23.82,0.03,23.97
NAGPUR REGION,CHANDRAPUR ZONE,CHANDRAPUR CIRCLE,WARORA DIVISION,76,8924,00:13,23:47,59,9582,00:14,23:46,70,6599,00:09,23:51,46,4636,00:07,23:53,10,713,00:02,23:58,2025-07-13 18:11:54.293107,0.22,23.78,0.23,23.77,0.15,23.85,0.12,23.88,0.03,23.97
NAGPUR REGION,CHANDRAPUR ZONE,GADCHIROLI CIRCLE,ALLAPALLI DIVISION,88,13033,00:20,23:40,28,2481,00:04,23:56,85,13715,00:21,23:39,72,16927,00:25,23:35,4,1175,00:04,23:56,2025-07-13 18:11:54.293107,0.33,23.67,0.07,23.93,0.35,23.65,0.42,23.58,0.07,23.93
NAGPUR REGION,CHANDRAPUR ZONE,GADCHIROLI CIRCLE,BRAMHAPURI DIVISION,107,5246,00:11,23:49,97,8702,00:18,23:42,58,4333,00:09,23:51,42,2993,00:06,23:54,22,898,00:04,23:56,2025-07-13 18:11:54.293107,0.18,23.82,0.3,23.7,0.15,23.85,0.1,23.9,0.07,23.93
NAGPUR REGION,CHANDRAPUR ZONE,GADCHIROLI CIRCLE,GADCHIROLI DIVISION,167,20151,00:27,23:33,83,10433,00:14,23:46,82,12129,00:17,23:43,79,9411,00:13,23:47,14,1084,00:03,23:57,2025-07-13 18:11:54.293107,0.45,23.55,0.23,23.77,0.28,23.72,0.22,23.78,0.05,23.95
NAGPUR REGION,GONDIA ZONE,BHANDARA CIRCLE,BHANDARA DIVISION,435,21939,00:22,23:38,275,9923,00:10,23:50,288,14401,00:15,23:45,238,12123,00:12,23:48,281,10672,00:25,23:35,2025-07-13 18:11:54.293107,0.37,23.63,0.17,23.83,0.25,23.75,0.2,23.8,0.42,23.58
NAGPUR REGION,GONDIA ZONE,BHANDARA CIRCLE,SAKOLI O&M DIVISION,109,7748,00:19,23:41,68,5253,00:13,23:47,81,7285,00:18,23:42,78,6391,00:16,23:44,49,4779,00:27,23:33,2025-07-13 18:11:54.293107,0.32,23.68,0.22,23.78,0.3,23.7,0.27,23.73,0.45,23.55
NAGPUR REGION,GONDIA ZONE,GONDIA CIRCLE,DEORI DIVISION,270,19522,00:32,23:28,200,11229,00:18,23:42,235,20685,00:34,23:26,223,21585,00:35,23:25,213,10553,00:40,23:20,2025-07-13 18:11:54.293107,0.53,23.47,0.3,23.7,0.57,23.43,0.58,23.42,0.67,23.33
NAGPUR REGION,GONDIA ZONE,GONDIA CIRCLE,GONDIA DIVISION,212,13911,00:12,23:48,151,9288,00:08,23:52,130,7919,00:07,23:53,160,8166,00:07,23:53,166,5457,00:11,23:49,2025-07-13 18:11:54.293107,0.2,23.8,0.13,23.87,0.12,23.88,0.12,23.88,0.18,23.82
NAGPUR REGION,NAGPUR ZONE,NAGPUR (R) CIRCLE,KATOL DIVISION,47,12206,00:24,23:36,29,3938,00:08,23:52,44,5103,00:10,23:50,46,5056,00:10,23:50,12,894,00:04,23:56,2025-07-13 18:11:54.293107,0.4,23.6,0.13,23.87,0.17,23.83,0.17,23.83,0.07,23.93
NAGPUR REGION,NAGPUR ZONE,NAGPUR (R) CIRCLE,MOUDA DIVISION,100,10360,00:08,23:52,73,7621,00:06,23:54,76,13210,00:11,23:49,135,14403,00:12,23:48,62,3763,00:07,23:53,2025-07-13 18:11:54.293107,0.13,23.87,0.1,23.9,0.18,23.82,0.2,23.8,0.12,23.88
NAGPUR REGION,NAGPUR ZONE,NAGPUR (R) CIRCLE,SAONER DIVISION,67,7636,00:07,23:53,86,8118,00:08,23:52,120,11877,00:11,23:49,43,7328,00:07,23:53,36,1737,00:04,23:56,2025-07-13 18:11:54.293107,0.12,23.88,0.13,23.87,0.18,23.82,0.12,23.88,0.07,23.93
NAGPUR REGION,NAGPUR ZONE,NAGPUR (R) CIRCLE,UMRED DIVISION,36,4844,00:07,23:53,28,5654,00:08,23:52,40,5809,00:08,23:52,44,8148,00:11,23:49,33,2361,00:08,23:52,2025-07-13 18:11:54.293107,0.12,23.88,0.13,23.87,0.13,23.87,0.18,23.82,0.13,23.87
NAGPUR REGION,NAGPUR ZONE,NAGPUR (U) CIRCLE,MIDC METER NAGPUR,180,8543,00:06,23:54,164,7629,00:05,23:55,220,9046,00:06,23:54,151,7660,00:05,23:55,96,2546,00:04,23:56,2025-07-13 18:11:54.293107,0.1,23.9,0.08,23.92,0.1,23.9,0.08,23.92,0.07,23.93
NAGPUR REGION,NAGPUR ZONE,NAGPUR (U) CIRCLE,NAGPUR CIVIL LINES DIVN.,95,3015,00:03,23:57,68,2552,00:03,23:57,129,6923,00:07,23:53,67,2719,00:03,23:57,96,4066,00:10,23:50,2025-07-13 18:11:54.293107,0.05,23.95,0.05,23.95,0.12,23.88,0.05,23.95,0.17,23.83
NAGPUR REGION,NAGPUR ZONE,NAGPUR (U) CIRCLE,NAGPUR CONGRESS NAGAR DIV,106,5586,00:04,23:56,137,6576,00:04,23:56,171,7113,00:05,23:55,105,5364,00:04,23:56,61,1414,00:02,23:58,2025-07-13 18:11:54.293107,0.07,23.93,0.07,23.93,0.08,23.92,0.07,23.93,0.03,23.97
NAGPUR REGION,NAGPUR ZONE,NAGPUR (U) CIRCLE,NAGPUR GANDHIBAUG DIV.,107,6253,00:12,23:48,173,5193,00:10,23:50,160,5314,00:10,23:50,160,7005,00:14,23:46,65,1486,00:07,23:53,2025-07-13 18:11:54.293107,0.2,23.8,0.17,23.83,0.17,23.83,0.23,23.77,0.12,23.88
NAGPUR REGION,NAGPUR ZONE,NAGPUR (U) CIRCLE,NAGPUR MAHAL DIVISION,162,5642,00:06,23:54,200,8273,00:08,23:52,174,7571,00:08,23:52,124,4887,00:05,23:55,89,2060,00:05,23:55,2025-07-13 18:11:54.293107,0.1,23.9,0.13,23.87,0.13,23.87,0.08,23.92,0.08,23.92
NAGPUR REGION,NAGPUR ZONE,WARDHA CIRCLE,ARVI DIVISION,194,7579,00:14,23:46,169,7256,00:13,23:47,180,10672,00:19,23:41,80,3855,00:07,23:53,109,3616,00:15,23:45,2025-07-13 18:11:54.293107,0.23,23.77,0.22,23.78,0.32,23.68,0.12,23.88,0.25,23.75
NAGPUR REGION,NAGPUR ZONE,WARDHA CIRCLE,HINGANGHAT DIVISION,71,9093,00:18,23:42,57,8941,00:18,23:42,64,9449,00:19,23:41,44,9112,00:18,23:42,15,1993,00:09,23:51,2025-07-13 18:11:54.293107,0.3,23.7,0.3,23.7,0.32,23.68,0.3,23.7,0.15,23.85
NAGPUR REGION,NAGPUR ZONE,WARDHA CIRCLE,WARDHA DIVISION,317,13824,00:15,23:45,340,14722,00:16,23:44,217,12228,00:14,23:46,143,12032,00:13,23:47,79,5250,00:14,23:46,2025-07-13 18:11:54.293107,0.25,23.75,0.27,23.73,0.23,23.77,0.22,23.78,0.23,23.77
PUNE REGION,BARAMATI ZONE,BARAMATI CIRCLE,BARAMATI DIVISION,521,13983,00:13,23:47,599,22932,00:21,23:39,542,18320,00:16,23:44,257,14590,00:13,23:47,189,5583,00:12,23:48,2025-07-13 18:11:54.293107,0.22,23.78,0.35,23.65,0.27,23.73,0.22,23.78,0.2,23.8
PUNE REGION,BARAMATI ZONE,BARAMATI CIRCLE,DOUND DIVISION,999,39083,00:33,23:27,1238,41818,00:35,23:25,871,28353,00:24,23:36,400,19889,00:17,23:43,363,16608,00:32,23:28,2025-07-13 18:11:54.293107,0.55,23.45,0.58,23.42,0.4,23.6,0.28,23.72,0.53,23.47
PUNE REGION,BARAMATI ZONE,BARAMATI CIRCLE,SASWAD DIVISION,119,3142,00:09,23:51,226,12928,00:36,23:24,262,14686,00:41,23:19,69,7036,00:20,23:40,87,2797,00:18,23:42,2025-07-13 18:11:54.293107,0.15,23.85,0.6,23.4,0.68,23.32,0.33,23.67,0.3,23.7
PUNE REGION,BARAMATI ZONE,SATARA CIRCLE,KARAD DIVISION,518,28423,00:28,23:32,731,31654,00:31,23:29,624,23522,00:23,23:37,213,6108,00:06,23:54,164,5220,00:12,23:48,2025-07-13 18:11:54.293107,0.47,23.53,0.52,23.48,0.38,23.62,0.1,23.9,0.2,23.8
PUNE REGION,BARAMATI ZONE,SATARA CIRCLE,PHALTAN DIVISION,353,10591,00:14,23:46,429,10869,00:15,23:45,494,16376,00:22,23:38,168,5477,00:07,23:53,159,4850,00:15,23:45,2025-07-13 18:11:54.293107,0.23,23.77,0.25,23.75,0.37,23.63,0.12,23.88,0.25,23.75
PUNE REGION,BARAMATI ZONE,SATARA CIRCLE,SATARA DIVISION,294,13696,00:20,23:40,397,16568,00:24,23:36,508,22066,00:32,23:28,207,7422,00:11,23:49,168,3824,00:13,23:47,2025-07-13 18:11:54.293107,0.33,23.67,0.4,23.6,0.53,23.47,0.18,23.82,0.22,23.78
PUNE REGION,BARAMATI ZONE,SATARA CIRCLE,VADUJ DIVISION,514,19641,00:29,23:31,526,20199,00:30,23:30,646,22938,00:34,23:26,210,8567,00:13,23:47,199,7523,00:26,23:34,2025-07-13 18:11:54.293107,0.48,23.52,0.5,23.5,0.57,23.43,0.22,23.78,0.43,23.57
PUNE REGION,BARAMATI ZONE,SATARA CIRCLE,WAI DIVISION,211,10856,00:28,23:32,338,17865,00:46,23:14,325,10816,00:28,23:32,198,9523,00:25,23:35,99,3436,00:21,23:39,2025-07-13 18:11:54.293107,0.47,23.53,0.77,23.23,0.47,23.53,0.42,23.58,0.35,23.65
PUNE REGION,BARAMATI ZONE,SOLAPUR CIRCLE,AKLUJ O&M DIVISION,671,27562,00:56,23:04,715,23057,00:47,23:13,562,20550,00:42,23:18,332,12061,00:25,23:35,283,10703,00:51,23:09,2025-07-13 18:11:54.293107,0.93,23.07,0.78,23.22,0.7,23.3,0.42,23.58,0.85,23.15
PUNE REGION,BARAMATI ZONE,SOLAPUR CIRCLE,BARSI DIVISION,854,27246,00:27,23:33,1004,41146,00:40,23:20,890,35101,00:34,23:26,417,16412,00:16,23:44,347,10285,00:23,23:37,2025-07-13 18:11:54.293107,0.45,23.55,0.67,23.33,0.57,23.43,0.27,23.73,0.38,23.62
PUNE REGION,BARAMATI ZONE,SOLAPUR CIRCLE,PANDHARPUR DIVISION,909,39409,00:38,23:22,1254,41855,00:40,23:20,1005,35451,00:34,23:26,399,11653,00:11,23:49,387,9381,00:21,23:39,2025-07-13 18:11:54.293107,0.63,23.37,0.67,23.33,0.57,23.43,0.18,23.82,0.35,23.65
PUNE REGION,BARAMATI ZONE,SOLAPUR CIRCLE,SOLAPUR RURAL DIVISION,448,23442,00:18,23:42,609,20996,00:16,23:44,601,27596,00:21,23:39,204,6749,00:05,23:55,255,8784,00:15,23:45,2025-07-13 18:11:54.293107,0.3,23.7,0.27,23.73,0.35,23.65,0.08,23.92,0.25,23.75
PUNE REGION,BARAMATI ZONE,SOLAPUR CIRCLE,SOLAPUR URBAN DIVISION,329,10462,00:17,23:43,634,14431,00:24,23:36,515,19867,00:33,23:27,239,7765,00:13,23:47,248,6665,00:26,23:34,2025-07-13 18:11:54.293107,0.28,23.72,0.4,23.6,0.55,23.45,0.22,23.78,0.43,23.57
PUNE REGION,KOLHAPUR ZONE,KOLHAPUR CIRCLE,GADHINGLAJ DIVISION,375,24578,00:44,23:16,441,15952,00:28,23:32,375,19265,00:34,23:26,197,8240,00:15,23:45,162,3003,00:13,23:47,2025-07-13 18:11:54.293107,0.73,23.27,0.47,23.53,0.57,23.43,0.25,23.75,0.22,23.78
PUNE REGION,KOLHAPUR ZONE,KOLHAPUR CIRCLE,ICHALKARANJI DIVISION,376,22781,00:24,23:36,423,15425,00:17,23:43,368,13370,00:14,23:46,141,4427,00:05,23:55,166,4448,00:11,23:49,2025-07-13 18:11:54.293107,0.4,23.6,0.28,23.72,0.23,23.77,0.08,23.92,0.18,23.82
PUNE REGION,KOLHAPUR ZONE,KOLHAPUR CIRCLE,JAYASINGPUR DIVISION,325,21276,00:21,23:39,393,19842,00:20,23:40,361,16206,00:16,23:44,153,8418,00:08,23:52,124,4570,00:11,23:49,2025-07-13 18:11:54.293107,0.35,23.65,0.33,23.67,0.27,23.73,0.13,23.87,0.18,23.82
PUNE REGION,KOLHAPUR ZONE,KOLHAPUR CIRCLE,KOLHAPUR RURAL I DIVISION,663,30622,00:36,23:24,930,32222,00:38,23:22,641,21521,00:26,23:34,283,10173,00:12,23:48,315,8333,00:23,23:37,2025-07-13 18:11:54.293107,0.6,23.4,0.63,23.37,0.43,23.57,0.2,23.8,0.38,23.62
PUNE REGION,KOLHAPUR ZONE,KOLHAPUR CIRCLE,KOLHAPUR RURAL II DIV.,382,22744,00:20,23:40,599,25068,00:22,23:38,546,30109,00:27,23:33,246,9106,00:08,23:52,184,4262,00:09,23:51,2025-07-13 18:11:54.293107,0.33,23.67,0.37,23.63,0.45,23.55,0.13,23.87,0.15,23.85
PUNE REGION,KOLHAPUR ZONE,KOLHAPUR CIRCLE,KOLHAPUR URBAN DIVISION,263,13695,00:17,23:43,359,11566,00:14,23:46,450,10170,00:13,23:47,105,4090,00:05,23:55,88,2405,00:07,23:53,2025-07-13 18:11:54.293107,0.28,23.72,0.23,23.77,0.22,23.78,0.08,23.92,0.12,23.88
PUNE REGION,KOLHAPUR ZONE,SANGLI CIRCLE,ISLAMPUR DIVISION,242,13058,00:15,23:45,459,19754,00:23,23:37,386,18516,00:21,23:39,157,12408,00:14,23:46,104,2619,00:07,23:53,2025-07-13 18:11:54.293107,0.25,23.75,0.38,23.62,0.35,23.65,0.23,23.77,0.12,23.88
PUNE REGION,KOLHAPUR ZONE,SANGLI CIRCLE,KAVATHEMAHANKAL DIVISION,412,11262,00:17,23:43,519,17667,00:27,23:33,487,19020,00:29,23:31,165,5699,00:09,23:51,127,4599,00:16,23:44,2025-07-13 18:11:54.293107,0.28,23.72,0.45,23.55,0.48,23.52,0.15,23.85,0.27,23.73
PUNE REGION,KOLHAPUR ZONE,SANGLI CIRCLE,SANGLI RURAL DIVISION,288,13532,00:18,23:42,429,19928,00:26,23:34,438,17529,00:23,23:37,138,6347,00:08,23:52,116,3530,00:11,23:49,2025-07-13 18:11:54.293107,0.3,23.7,0.43,23.57,0.38,23.62,0.13,23.87,0.18,23.82
PUNE REGION,KOLHAPUR ZONE,SANGLI CIRCLE,SANGLI URBAN DIVISION,317,12728,00:15,23:45,353,9875,00:11,23:49,313,8722,00:10,23:50,139,4658,00:05,23:55,165,4515,00:12,23:48,2025-07-13 18:11:54.293107,0.25,23.75,0.18,23.82,0.17,23.83,0.08,23.92,0.2,23.8
PUNE REGION,KOLHAPUR ZONE,SANGLI CIRCLE,VITA DIVISION,563,17239,00:20,23:40,762,24929,00:29,23:31,737,29704,00:35,23:25,241,5584,00:07,23:53,227,6533,00:18,23:42,2025-07-13 18:11:54.293107,0.33,23.67,0.48,23.52,0.58,23.42,0.12,23.88,0.3,23.7
PUNE REGION,PUNE ZONE,GANESHKHIND (U) CIRCLE,BHOSARI DIVISION,369,12653,00:14,23:46,463,20844,00:22,23:38,490,20289,00:22,23:38,229,8859,00:10,23:50,124,5558,00:14,23:46,2025-07-13 18:11:54.293107,0.23,23.77,0.37,23.63,0.37,23.63,0.17,23.83,0.23,23.77
PUNE REGION,PUNE ZONE,GANESHKHIND (U) CIRCLE,KOTHRUD DIVISION,123,3892,00:07,23:53,141,6424,00:11,23:49,250,6439,00:11,23:49,99,4157,00:07,23:53,53,2030,00:08,23:52,2025-07-13 18:11:54.293107,0.12,23.88,0.18,23.82,0.18,23.82,0.12,23.88,0.13,23.87
PUNE REGION,PUNE ZONE,GANESHKHIND (U) CIRCLE,PIMPRI DIVISION,250,7216,00:06,23:54,274,9056,00:08,23:52,274,8685,00:08,23:52,104,3373,00:03,23:57,110,3886,00:08,23:52,2025-07-13 18:11:54.293107,0.1,23.9,0.13,23.87,0.13,23.87,0.05,23.95,0.13,23.87
PUNE REGION,PUNE ZONE,GANESHKHIND (U) CIRCLE,SHIVAJI NAGAR DIVISION,121,5913,00:04,23:56,274,12019,00:09,23:51,280,8870,00:06,23:54,102,5353,00:04,23:56,114,3533,00:06,23:54,2025-07-13 18:11:54.293107,0.07,23.93,0.15,23.85,0.1,23.9,0.07,23.93,0.1,23.9
PUNE REGION,PUNE ZONE,PUNE (R) CIRCLE,MANCHAR O&M DIVISION,544,15569,00:21,23:39,556,15782,00:21,23:39,462,21590,00:29,23:31,162,5596,00:08,23:52,204,6862,00:22,23:38,2025-07-13 18:11:54.293107,0.35,23.65,0.35,23.65,0.48,23.52,0.13,23.87,0.37,23.63
PUNE REGION,PUNE ZONE,PUNE (R) CIRCLE,PUNE DIVISION,914,36551,00:30,23:30,1025,38638,00:32,23:28,881,31983,00:26,23:34,432,14498,00:12,23:48,408,16839,00:32,23:28,2025-07-13 18:11:54.293107,0.5,23.5,0.53,23.47,0.43,23.57,0.2,23.8,0.53,23.47
PUNE REGION,PUNE ZONE,PUNE (R) CIRCLE,RAJGURUNAGAR DIVISION,981,35979,00:22,23:38,1105,36183,00:22,23:38,861,30750,00:18,23:42,372,10828,00:06,23:54,434,16388,00:23,23:37,2025-07-13 18:11:54.293107,0.37,23.63,0.37,23.63,0.3,23.7,0.1,23.9,0.38,23.62
PUNE REGION,PUNE ZONE,RASTAPETH (U) CIRCLE,BUNDGARDEN DIVISION,311,10975,00:08,23:52,482,15497,00:11,23:49,432,17459,00:13,23:47,164,4172,00:03,23:57,188,3770,00:06,23:54,2025-07-13 18:11:54.293107,0.13,23.87,0.18,23.82,0.22,23.78,0.05,23.95,0.1,23.9
PUNE REGION,PUNE ZONE,RASTAPETH (U) CIRCLE,NAGAR ROAD DIVISION,261,5656,00:03,23:57,278,5235,00:03,23:57,290,5160,00:03,23:57,114,2893,00:02,23:58,118,2451,00:03,23:57,2025-07-13 18:11:54.293107,0.05,23.95,0.05,23.95,0.05,23.95,0.03,23.97,0.05,23.95
PUNE REGION,PUNE ZONE,RASTAPETH (U) CIRCLE,PADMAVATI DIVISION,212,7345,00:15,23:45,303,13220,00:27,23:33,264,7348,00:15,23:45,130,5739,00:12,23:48,125,3213,00:15,23:45,2025-07-13 18:11:54.293107,0.25,23.75,0.45,23.55,0.25,23.75,0.2,23.8,0.25,23.75
PUNE REGION,PUNE ZONE,RASTAPETH (U) CIRCLE,PARVATI DIVISION,345,8424,00:11,23:49,468,24147,00:32,23:28,302,8522,00:11,23:49,200,6582,00:09,23:51,105,3260,00:10,23:50,2025-07-13 18:11:54.293107,0.18,23.82,0.53,23.47,0.18,23.82,0.15,23.85,0.17,23.83
PUNE REGION,PUNE ZONE,RASTAPETH (U) CIRCLE,RASTAPETH DIVISION,207,8894,00:20,23:40,293,10697,00:25,23:35,275,8682,00:20,23:40,110,4803,00:11,23:49,89,2725,00:15,23:45,2025-07-13 18:11:54.293107,0.33,23.67,0.42,23.58,0.33,23.67,0.18,23.82,0.25,23.75
